file,line,type,commit,author,date,time,timezone,datetime,depth,length
style.css,1,css,f6046077,Alexa,2026-04-12,22:29:13,-07:00,2026-04-12T22:29:13-07:00,0,4
style.css,2,css,6352ace5,Alexa,2026-04-17,00:52:51,-07:00,2026-04-17T00:52:51-07:00,1,23
style.css,3,css,f6046077,Alexa,2026-04-12,22:29:13,-07:00,2026-04-12T22:29:13-07:00,0,0
style.css,4,css,f6046077,Alexa,2026-04-12,22:29:13,-07:00,2026-04-12T22:29:13-07:00,0,0
style.css,5,css,f6046077,Alexa,2026-04-12,22:29:13,-07:00,2026-04-12T22:29:13-07:00,0,4
style.css,6,css,97ad9bfb,Alexa,2026-04-17,01:23:51,-07:00,2026-04-17T01:23:51-07:00,1,35
style.css,7,css,f6046077,Alexa,2026-04-12,22:29:13,-07:00,2026-04-12T22:29:13-07:00,1,15
style.css,8,css,f6046077,Alexa,2026-04-12,22:29:13,-07:00,2026-04-12T22:29:13-07:00,1,18
style.css,9,css,97ad9bfb,Alexa,2026-04-17,01:23:51,-07:00,2026-04-17T01:23:51-07:00,1,12
style.css,10,css,97ad9bfb,Alexa,2026-04-17,01:23:51,-07:00,2026-04-17T01:23:51-07:00,0,0
style.css,11,css,97ad9bfb,Alexa,2026-04-17,01:23:51,-07:00,2026-04-17T01:23:51-07:00,0,0
style.css,12,css,97ad9bfb,Alexa,2026-04-17,01:23:51,-07:00,2026-04-17T01:23:51-07:00,0,3
style.css,13,css,97ad9bfb,Alexa,2026-04-17,01:23:51,-07:00,2026-04-17T01:23:51-07:00,1,15
style.css,14,css,97ad9bfb,Alexa,2026-04-17,01:23:51,-07:00,2026-04-17T01:23:51-07:00,1,11
style.css,15,css,f6046077,Alexa,2026-04-12,22:29:13,-07:00,2026-04-12T22:29:13-07:00,0,0
style.css,16,css,f6046077,Alexa,2026-04-12,22:29:13,-07:00,2026-04-12T22:29:13-07:00,0,0
style.css,17,css,f6046077,Alexa,2026-04-12,22:29:13,-07:00,2026-04-12T22:29:13-07:00,0,3
style.css,18,css,6352ace5,Alexa,2026-04-17,00:52:51,-07:00,2026-04-17T00:52:51-07:00,1,39
style.css,19,css,97ad9bfb,Alexa,2026-04-17,01:23:51,-07:00,2026-04-17T01:23:51-07:00,1,12
style.css,20,css,97ad9bfb,Alexa,2026-04-17,01:23:51,-07:00,2026-04-17T01:23:51-07:00,1,18
style.css,21,css,6352ace5,Alexa,2026-04-17,00:52:51,-07:00,2026-04-17T00:52:51-07:00,1,43
style.css,22,css,f6046077,Alexa,2026-04-12,22:29:13,-07:00,2026-04-12T22:29:13-07:00,0,0
style.css,23,css,f6046077,Alexa,2026-04-12,22:29:13,-07:00,2026-04-12T22:29:13-07:00,0,0
style.css,24,css,f6046077,Alexa,2026-04-12,22:29:13,-07:00,2026-04-12T22:29:13-07:00,0,5
style.css,25,css,f6046077,Alexa,2026-04-12,22:29:13,-07:00,2026-04-12T22:29:13-07:00,1,6
style.css,26,css,f6046077,Alexa,2026-04-12,22:29:13,-07:00,2026-04-12T22:29:13-07:00,1,20
style.css,27,css,f6046077,Alexa,2026-04-12,22:29:13,-07:00,2026-04-12T22:29:13-07:00,1,13
style.css,28,css,f6046077,Alexa,2026-04-12,22:29:13,-07:00,2026-04-12T22:29:13-07:00,1,17
style.css,29,css,f6046077,Alexa,2026-04-12,22:29:13,-07:00,2026-04-12T22:29:13-07:00,1,13
style.css,30,css,f6046077,Alexa,2026-04-12,22:29:13,-07:00,2026-04-12T22:29:13-07:00,0,0
style.css,31,css,f6046077,Alexa,2026-04-12,22:29:13,-07:00,2026-04-12T22:29:13-07:00,0,0
style.css,32,css,f6046077,Alexa,2026-04-12,22:29:13,-07:00,2026-04-12T22:29:13-07:00,0,13
style.css,33,css,6352ace5,Alexa,2026-04-17,00:52:51,-07:00,2026-04-17T00:52:51-07:00,1,44
style.css,34,css,f6046077,Alexa,2026-04-12,22:29:13,-07:00,2026-04-12T22:29:13-07:00,1,20
style.css,35,css,f6046077,Alexa,2026-04-12,22:29:13,-07:00,2026-04-12T22:29:13-07:00,0,0
style.css,36,css,f6046077,Alexa,2026-04-12,22:29:13,-07:00,2026-04-12T22:29:13-07:00,0,0
style.css,37,css,f6046077,Alexa,2026-04-12,22:29:13,-07:00,2026-04-12T22:29:13-07:00,0,11
style.css,38,css,97ad9bfb,Alexa,2026-04-17,01:23:51,-07:00,2026-04-17T01:23:51-07:00,1,43
style.css,39,css,97ad9bfb,Alexa,2026-04-17,01:23:51,-07:00,2026-04-17T01:23:51-07:00,1,68
style.css,40,css,f6046077,Alexa,2026-04-12,22:29:13,-07:00,2026-04-12T22:29:13-07:00,0,0
style.css,41,css,f6046077,Alexa,2026-04-12,22:29:13,-07:00,2026-04-12T22:29:13-07:00,0,0
style.css,42,css,f6046077,Alexa,2026-04-12,22:29:13,-07:00,2026-04-12T22:29:13-07:00,0,4
style.css,43,css,f6046077,Alexa,2026-04-12,22:29:13,-07:00,2026-04-12T22:29:13-07:00,0,7
style.css,44,css,6352ace5,Alexa,2026-04-17,00:52:51,-07:00,2026-04-17T00:52:51-07:00,0,5
style.css,45,css,6352ace5,Alexa,2026-04-17,00:52:51,-07:00,2026-04-17T00:52:51-07:00,0,6
style.css,46,css,f6046077,Alexa,2026-04-12,22:29:13,-07:00,2026-04-12T22:29:13-07:00,1,12
style.css,47,css,f6046077,Alexa,2026-04-12,22:29:13,-07:00,2026-04-12T22:29:13-07:00,0,0
style.css,48,css,f6046077,Alexa,2026-04-12,22:29:13,-07:00,2026-04-12T22:29:13-07:00,0,0
style.css,49,css,f6046077,Alexa,2026-04-12,22:29:13,-07:00,2026-04-12T22:29:13-07:00,0,4
style.css,50,css,f6046077,Alexa,2026-04-12,22:29:13,-07:00,2026-04-12T22:29:13-07:00,1,12
style.css,51,css,f6046077,Alexa,2026-04-12,22:29:13,-07:00,2026-04-12T22:29:13-07:00,1,7
style.css,52,css,97ad9bfb,Alexa,2026-04-17,01:23:51,-07:00,2026-04-17T01:23:51-07:00,1,14
style.css,53,css,f6046077,Alexa,2026-04-12,22:29:13,-07:00,2026-04-12T22:29:13-07:00,0,0
style.css,54,css,f6046077,Alexa,2026-04-12,22:29:13,-07:00,2026-04-12T22:29:13-07:00,0,0
style.css,55,css,f6046077,Alexa,2026-04-12,22:29:13,-07:00,2026-04-12T22:29:13-07:00,0,5
style.css,56,css,f6046077,Alexa,2026-04-12,22:29:13,-07:00,2026-04-12T22:29:13-07:00,1,12
style.css,57,css,97ad9bfb,Alexa,2026-04-17,01:23:51,-07:00,2026-04-17T01:23:51-07:00,1,9
style.css,58,css,97ad9bfb,Alexa,2026-04-17,01:23:51,-07:00,2026-04-17T01:23:51-07:00,0,0
style.css,59,css,97ad9bfb,Alexa,2026-04-17,01:23:51,-07:00,2026-04-17T01:23:51-07:00,0,0
style.css,60,css,97ad9bfb,Alexa,2026-04-17,01:23:51,-07:00,2026-04-17T01:23:51-07:00,0,4
style.css,61,css,97ad9bfb,Alexa,2026-04-17,01:23:51,-07:00,2026-04-17T01:23:51-07:00,0,7
style.css,62,css,97ad9bfb,Alexa,2026-04-17,01:23:51,-07:00,2026-04-17T01:23:51-07:00,0,6
style.css,63,css,97ad9bfb,Alexa,2026-04-17,01:23:51,-07:00,2026-04-17T01:23:51-07:00,1,13
style.css,64,css,97ad9bfb,Alexa,2026-04-17,01:23:51,-07:00,2026-04-17T01:23:51-07:00,0,0
style.css,65,css,97ad9bfb,Alexa,2026-04-17,01:23:51,-07:00,2026-04-17T01:23:51-07:00,0,0
style.css,66,css,97ad9bfb,Alexa,2026-04-17,01:23:51,-07:00,2026-04-17T01:23:51-07:00,0,8
style.css,67,css,97ad9bfb,Alexa,2026-04-17,01:23:51,-07:00,2026-04-17T01:23:51-07:00,1,14
style.css,68,css,f6046077,Alexa,2026-04-12,22:29:13,-07:00,2026-04-12T22:29:13-07:00,0,0
style.css,69,css,f6046077,Alexa,2026-04-12,22:29:13,-07:00,2026-04-12T22:29:13-07:00,0,0
style.css,70,css,f6046077,Alexa,2026-04-12,22:29:13,-07:00,2026-04-12T22:29:13-07:00,0,9
style.css,71,css,f6046077,Alexa,2026-04-12,22:29:13,-07:00,2026-04-12T22:29:13-07:00,1,12
style.css,72,css,f6046077,Alexa,2026-04-12,22:29:13,-07:00,2026-04-12T22:29:13-07:00,1,58
style.css,73,css,f6046077,Alexa,2026-04-12,22:29:13,-07:00,2026-04-12T22:29:13-07:00,1,7
style.css,74,css,f6046077,Alexa,2026-04-12,22:29:13,-07:00,2026-04-12T22:29:13-07:00,0,0
style.css,75,css,f6046077,Alexa,2026-04-12,22:29:13,-07:00,2026-04-12T22:29:13-07:00,0,0
style.css,76,css,f6046077,Alexa,2026-04-12,22:29:13,-07:00,2026-04-12T22:29:13-07:00,0,17
style.css,77,css,f6046077,Alexa,2026-04-12,22:29:13,-07:00,2026-04-12T22:29:13-07:00,1,12
style.css,78,css,97ad9bfb,Alexa,2026-04-17,01:23:51,-07:00,2026-04-17T01:23:51-07:00,1,9
style.css,79,css,f6046077,Alexa,2026-04-12,22:29:13,-07:00,2026-04-12T22:29:13-07:00,0,0
style.css,80,css,f6046077,Alexa,2026-04-12,22:29:13,-07:00,2026-04-12T22:29:13-07:00,0,0
style.css,81,css,97ad9bfb,Alexa,2026-04-17,01:23:51,-07:00,2026-04-17T01:23:51-07:00,0,13
style.css,82,css,97ad9bfb,Alexa,2026-04-17,01:23:51,-07:00,2026-04-17T01:23:51-07:00,1,10
style.css,83,css,97ad9bfb,Alexa,2026-04-17,01:23:51,-07:00,2026-04-17T01:23:51-07:00,1,14
style.css,84,css,97ad9bfb,Alexa,2026-04-17,01:23:51,-07:00,2026-04-17T01:23:51-07:00,1,11
style.css,85,css,6352ace5,Alexa,2026-04-17,00:52:51,-07:00,2026-04-17T00:52:51-07:00,0,0
style.css,86,css,6352ace5,Alexa,2026-04-17,00:52:51,-07:00,2026-04-17T00:52:51-07:00,0,0
style.css,87,css,6352ace5,Alexa,2026-04-17,00:52:51,-07:00,2026-04-17T00:52:51-07:00,0,13
style.css,88,css,6352ace5,Alexa,2026-04-17,00:52:51,-07:00,2026-04-17T00:52:51-07:00,1,17
style.css,89,css,6352ace5,Alexa,2026-04-17,00:52:51,-07:00,2026-04-17T00:52:51-07:00,1,8
style.css,90,css,6352ace5,Alexa,2026-04-17,00:52:51,-07:00,2026-04-17T00:52:51-07:00,1,10
style.css,91,css,6352ace5,Alexa,2026-04-17,00:52:51,-07:00,2026-04-17T00:52:51-07:00,1,13
style.css,92,css,7e1e6ede,Alexa,2026-04-25,18:42:43,-07:00,2026-04-25T18:42:43-07:00,0,0
style.css,93,css,7e1e6ede,Alexa,2026-04-25,18:42:43,-07:00,2026-04-25T18:42:43-07:00,0,0
style.css,94,css,7e1e6ede,Alexa,2026-04-25,18:42:43,-07:00,2026-04-25T18:42:43-07:00,0,17
style.css,95,css,7e1e6ede,Alexa,2026-04-25,18:42:43,-07:00,2026-04-25T18:42:43-07:00,1,12
style.css,96,css,7e1e6ede,Alexa,2026-04-25,18:42:43,-07:00,2026-04-25T18:42:43-07:00,1,36
style.css,97,css,7e1e6ede,Alexa,2026-04-25,18:42:43,-07:00,2026-04-25T18:42:43-07:00,1,17
style.css,98,css,7e1e6ede,Alexa,2026-04-25,18:42:43,-07:00,2026-04-25T18:42:43-07:00,1,9
style.css,99,css,7e1e6ede,Alexa,2026-04-25,18:42:43,-07:00,2026-04-25T18:42:43-07:00,0,0
style.css,100,css,7e1e6ede,Alexa,2026-04-25,18:42:43,-07:00,2026-04-25T18:42:43-07:00,0,0
style.css,101,css,7e1e6ede,Alexa,2026-04-25,18:42:43,-07:00,2026-04-25T18:42:43-07:00,0,17
style.css,102,css,7e1e6ede,Alexa,2026-04-25,18:42:43,-07:00,2026-04-25T18:42:43-07:00,1,10
style.css,103,css,7e1e6ede,Alexa,2026-04-25,18:42:43,-07:00,2026-04-25T18:42:43-07:00,1,16
style.css,104,css,7e1e6ede,Alexa,2026-04-25,18:42:43,-07:00,2026-04-25T18:42:43-07:00,0,0
style.css,105,css,7e1e6ede,Alexa,2026-04-25,18:42:43,-07:00,2026-04-25T18:42:43-07:00,0,0
style.css,106,css,7e1e6ede,Alexa,2026-04-25,18:42:43,-07:00,2026-04-25T18:42:43-07:00,0,17
style.css,107,css,7e1e6ede,Alexa,2026-04-25,18:42:43,-07:00,2026-04-25T18:42:43-07:00,1,10
style.css,108,css,7e1e6ede,Alexa,2026-04-25,18:42:43,-07:00,2026-04-25T18:42:43-07:00,1,8
style.css,109,css,7e23f7f3,Alexa,2026-05-01,17:22:25,-07:00,2026-05-01T17:22:25-07:00,0,0
style.css,110,css,7e23f7f3,Alexa,2026-05-01,17:22:25,-07:00,2026-05-01T17:22:25-07:00,0,0
style.css,111,css,7e23f7f3,Alexa,2026-05-01,17:22:25,-07:00,2026-05-01T17:22:25-07:00,0,13
style.css,112,css,7e23f7f3,Alexa,2026-05-01,17:22:25,-07:00,2026-05-01T17:22:25-07:00,1,12
style.css,113,css,7e23f7f3,Alexa,2026-05-01,17:22:25,-07:00,2026-05-01T17:22:25-07:00,1,10
style.css,114,css,7e23f7f3,Alexa,2026-05-01,17:22:25,-07:00,2026-05-01T17:22:25-07:00,0,0
style.css,115,css,7e23f7f3,Alexa,2026-05-01,17:22:25,-07:00,2026-05-01T17:22:25-07:00,0,0
style.css,116,css,7e23f7f3,Alexa,2026-05-01,17:22:25,-07:00,2026-05-01T17:22:25-07:00,0,13
style.css,117,css,7e23f7f3,Alexa,2026-05-01,17:22:25,-07:00,2026-05-01T17:22:25-07:00,1,10
style.css,118,css,7e23f7f3,Alexa,2026-05-01,17:22:25,-07:00,2026-05-01T17:22:25-07:00,1,30
style.css,119,css,7e23f7f3,Alexa,2026-05-01,17:22:25,-07:00,2026-05-01T17:22:25-07:00,1,34
style.css,120,css,7e23f7f3,Alexa,2026-05-01,17:22:25,-07:00,2026-05-01T17:22:25-07:00,0,0
style.css,121,css,7e23f7f3,Alexa,2026-05-01,17:22:25,-07:00,2026-05-01T17:22:25-07:00,0,0
style.css,122,css,7e23f7f3,Alexa,2026-05-01,17:22:25,-07:00,2026-05-01T17:22:25-07:00,0,13
style.css,123,css,7e23f7f3,Alexa,2026-05-01,17:22:25,-07:00,2026-05-01T17:22:25-07:00,1,12
style.css,124,css,584ee0d5,Alexa,2026-05-01,20:40:06,-07:00,2026-05-01T20:40:06-07:00,1,22
style.css,125,css,7e23f7f3,Alexa,2026-05-01,17:22:25,-07:00,2026-05-01T17:22:25-07:00,1,7
style.css,126,css,7e23f7f3,Alexa,2026-05-01,17:22:25,-07:00,2026-05-01T17:22:25-07:00,0,0
style.css,127,css,7e23f7f3,Alexa,2026-05-01,17:22:25,-07:00,2026-05-01T17:22:25-07:00,0,0
style.css,128,css,584ee0d5,Alexa,2026-05-01,20:40:06,-07:00,2026-05-01T20:40:06-07:00,0,18
style.css,129,css,584ee0d5,Alexa,2026-05-01,20:40:06,-07:00,2026-05-01T20:40:06-07:00,1,10
style.css,130,css,584ee0d5,Alexa,2026-05-01,20:40:06,-07:00,2026-05-01T20:40:06-07:00,1,11
style.css,131,css,584ee0d5,Alexa,2026-05-01,20:40:06,-07:00,2026-05-01T20:40:06-07:00,1,13
style.css,132,css,584ee0d5,Alexa,2026-05-01,20:40:06,-07:00,2026-05-01T20:40:06-07:00,1,16
style.css,133,css,584ee0d5,Alexa,2026-05-01,20:40:06,-07:00,2026-05-01T20:40:06-07:00,0,0
style.css,134,css,584ee0d5,Alexa,2026-05-01,20:40:06,-07:00,2026-05-01T20:40:06-07:00,0,0
style.css,135,css,7e23f7f3,Alexa,2026-05-01,17:22:25,-07:00,2026-05-01T17:22:25-07:00,0,7
style.css,136,css,7e23f7f3,Alexa,2026-05-01,17:22:25,-07:00,2026-05-01T17:22:25-07:00,1,6
style.css,137,css,7e23f7f3,Alexa,2026-05-01,17:22:25,-07:00,2026-05-01T17:22:25-07:00,1,12
style.css,138,css,7e23f7f3,Alexa,2026-05-01,17:22:25,-07:00,2026-05-01T17:22:25-07:00,1,57
style.css,139,css,7e23f7f3,Alexa,2026-05-01,17:22:25,-07:00,2026-05-01T17:22:25-07:00,1,7
style.css,140,css,7e23f7f3,Alexa,2026-05-01,17:22:25,-07:00,2026-05-01T17:22:25-07:00,1,11
style.css,141,css,7e23f7f3,Alexa,2026-05-01,17:22:25,-07:00,2026-05-01T17:22:25-07:00,1,41
style.css,142,css,7e23f7f3,Alexa,2026-05-01,17:22:25,-07:00,2026-05-01T17:22:25-07:00,1,15
style.css,143,css,7e23f7f3,Alexa,2026-05-01,17:22:25,-07:00,2026-05-01T17:22:25-07:00,1,12
style.css,144,css,584ee0d5,Alexa,2026-05-01,20:40:06,-07:00,2026-05-01T20:40:06-07:00,1,17
style.css,145,css,584ee0d5,Alexa,2026-05-01,20:40:06,-07:00,2026-05-01T20:40:06-07:00,1,9
style.css,146,css,7e23f7f3,Alexa,2026-05-01,17:22:25,-07:00,2026-05-01T17:22:25-07:00,0,0
style.css,147,css,7e23f7f3,Alexa,2026-05-01,17:22:25,-07:00,2026-05-01T17:22:25-07:00,0,0
style.css,148,css,7e23f7f3,Alexa,2026-05-01,17:22:25,-07:00,2026-05-01T17:22:25-07:00,0,12
style.css,149,css,7e23f7f3,Alexa,2026-05-01,17:22:25,-07:00,2026-05-01T17:22:25-07:00,1,12
style.css,150,css,7e23f7f3,Alexa,2026-05-01,17:22:25,-07:00,2026-05-01T17:22:25-07:00,1,18
style.css,151,css,7e23f7f3,Alexa,2026-05-01,17:22:25,-07:00,2026-05-01T17:22:25-07:00,1,9
style.css,152,css,54033d56,Alexa,2026-05-01,20:36:18,-07:00,2026-05-01T20:36:18-07:00,1,14
style.css,153,css,7e23f7f3,Alexa,2026-05-01,17:22:25,-07:00,2026-05-01T17:22:25-07:00,0,0
style.css,154,css,7e23f7f3,Alexa,2026-05-01,17:22:25,-07:00,2026-05-01T17:22:25-07:00,0,0
style.css,155,css,7e23f7f3,Alexa,2026-05-01,17:22:25,-07:00,2026-05-01T17:22:25-07:00,0,7
style.css,156,css,7e23f7f3,Alexa,2026-05-01,17:22:25,-07:00,2026-05-01T17:22:25-07:00,1,9
style.css,157,css,7e23f7f3,Alexa,2026-05-01,17:22:25,-07:00,2026-05-01T17:22:25-07:00,1,18
style.css,158,css,7e23f7f3,Alexa,2026-05-01,17:22:25,-07:00,2026-05-01T17:22:25-07:00,1,29
style.css,159,css,7e23f7f3,Alexa,2026-05-01,17:22:25,-07:00,2026-05-01T17:22:25-07:00,1,20
style.css,160,css,7e23f7f3,Alexa,2026-05-01,17:22:25,-07:00,2026-05-01T17:22:25-07:00,1,20
style.css,161,css,7e23f7f3,Alexa,2026-05-01,17:22:25,-07:00,2026-05-01T17:22:25-07:00,1,13
style.css,162,css,7e23f7f3,Alexa,2026-05-01,17:22:25,-07:00,2026-05-01T17:22:25-07:00,0,0
style.css,163,css,7e23f7f3,Alexa,2026-05-01,17:22:25,-07:00,2026-05-01T17:22:25-07:00,0,0
style.css,164,css,7e23f7f3,Alexa,2026-05-01,17:22:25,-07:00,2026-05-01T17:22:25-07:00,0,10
style.css,165,css,7e23f7f3,Alexa,2026-05-01,17:22:25,-07:00,2026-05-01T17:22:25-07:00,1,10
style.css,166,css,7e23f7f3,Alexa,2026-05-01,17:22:25,-07:00,2026-05-01T17:22:25-07:00,1,14
style.css,167,css,7e23f7f3,Alexa,2026-05-01,17:22:25,-07:00,2026-05-01T17:22:25-07:00,1,17
style.css,168,css,7e23f7f3,Alexa,2026-05-01,17:22:25,-07:00,2026-05-01T17:22:25-07:00,0,0
style.css,169,css,7e23f7f3,Alexa,2026-05-01,17:22:25,-07:00,2026-05-01T17:22:25-07:00,0,0
style.css,170,css,7e23f7f3,Alexa,2026-05-01,17:22:25,-07:00,2026-05-01T17:22:25-07:00,0,23
style.css,171,css,7e23f7f3,Alexa,2026-05-01,17:22:25,-07:00,2026-05-01T17:22:25-07:00,1,16
style.css,172,css,7e23f7f3,Alexa,2026-05-01,17:22:25,-07:00,2026-05-01T17:22:25-07:00,1,14
style.css,173,css,7e23f7f3,Alexa,2026-05-01,17:22:25,-07:00,2026-05-01T17:22:25-07:00,0,0
style.css,174,css,7e23f7f3,Alexa,2026-05-01,17:22:25,-07:00,2026-05-01T17:22:25-07:00,0,0
style.css,175,css,7e23f7f3,Alexa,2026-05-01,17:22:25,-07:00,2026-05-01T17:22:25-07:00,0,51
style.css,176,css,7e23f7f3,Alexa,2026-05-01,17:22:25,-07:00,2026-05-01T17:22:25-07:00,1,11
style.css,177,css,7e23f7f3,Alexa,2026-05-01,17:22:25,-07:00,2026-05-01T17:22:25-07:00,0,0
style.css,178,css,7e23f7f3,Alexa,2026-05-01,17:22:25,-07:00,2026-05-01T17:22:25-07:00,0,0
style.css,179,css,7e23f7f3,Alexa,2026-05-01,17:22:25,-07:00,2026-05-01T17:22:25-07:00,0,9
style.css,180,css,7e23f7f3,Alexa,2026-05-01,17:22:25,-07:00,2026-05-01T17:22:25-07:00,1,35
style.css,181,css,7e23f7f3,Alexa,2026-05-01,17:22:25,-07:00,2026-05-01T17:22:25-07:00,0,0
style.css,182,css,7e23f7f3,Alexa,2026-05-01,17:22:25,-07:00,2026-05-01T17:22:25-07:00,0,0
style.css,183,css,7e23f7f3,Alexa,2026-05-01,17:22:25,-07:00,2026-05-01T17:22:25-07:00,0,32
style.css,184,css,7e23f7f3,Alexa,2026-05-01,17:22:25,-07:00,2026-05-01T17:22:25-07:00,1,17
style.css,185,css,7e23f7f3,Alexa,2026-05-01,17:22:25,-07:00,2026-05-01T17:22:25-07:00,0,0
style.css,186,css,7e23f7f3,Alexa,2026-05-01,17:22:25,-07:00,2026-05-01T17:22:25-07:00,0,0
style.css,187,css,7e23f7f3,Alexa,2026-05-01,17:22:25,-07:00,2026-05-01T17:22:25-07:00,0,21
style.css,188,css,7e23f7f3,Alexa,2026-05-01,17:22:25,-07:00,2026-05-01T17:22:25-07:00,1,35
style.css,189,css,00000000,Not Committed Yet,2026-05-09,23:37:20,-07:00,2026-05-09T23:37:20-07:00,0,0
style.css,190,css,00000000,Not Committed Yet,2026-05-09,23:37:20,-07:00,2026-05-09T23:37:20-07:00,0,0
style.css,191,css,00000000,Not Committed Yet,2026-05-09,23:37:20,-07:00,2026-05-09T23:37:20-07:00,0,0
style.css,192,css,00000000,Not Committed Yet,2026-05-09,23:37:20,-07:00,2026-05-09T23:37:20-07:00,0,35
style.css,193,css,00000000,Not Committed Yet,2026-05-09,23:37:20,-07:00,2026-05-09T23:37:20-07:00,0,0
style.css,194,css,00000000,Not Committed Yet,2026-05-09,23:37:20,-07:00,2026-05-09T23:37:20-07:00,0,11
style.css,195,css,00000000,Not Committed Yet,2026-05-09,23:37:20,-07:00,2026-05-09T23:37:20-07:00,1,14
style.css,196,css,00000000,Not Committed Yet,2026-05-09,23:37:20,-07:00,2026-05-09T23:37:20-07:00,1,49
style.css,197,css,00000000,Not Committed Yet,2026-05-09,23:37:20,-07:00,2026-05-09T23:37:20-07:00,0,0
style.css,198,css,00000000,Not Committed Yet,2026-05-09,23:37:20,-07:00,2026-05-09T23:37:20-07:00,0,0
style.css,199,css,00000000,Not Committed Yet,2026-05-09,23:37:20,-07:00,2026-05-09T23:37:20-07:00,0,6
style.css,200,css,00000000,Not Committed Yet,2026-05-09,23:37:20,-07:00,2026-05-09T23:37:20-07:00,1,12
style.css,201,css,00000000,Not Committed Yet,2026-05-09,23:37:20,-07:00,2026-05-09T23:37:20-07:00,1,56
style.css,202,css,00000000,Not Committed Yet,2026-05-09,23:37:20,-07:00,2026-05-09T23:37:20-07:00,1,7
style.css,203,css,00000000,Not Committed Yet,2026-05-09,23:37:20,-07:00,2026-05-09T23:37:20-07:00,1,20
style.css,204,css,00000000,Not Committed Yet,2026-05-09,23:37:20,-07:00,2026-05-09T23:37:20-07:00,0,0
style.css,205,css,00000000,Not Committed Yet,2026-05-09,23:37:20,-07:00,2026-05-09T23:37:20-07:00,0,0
style.css,206,css,00000000,Not Committed Yet,2026-05-09,23:37:20,-07:00,2026-05-09T23:37:20-07:00,0,9
style.css,207,css,00000000,Not Committed Yet,2026-05-09,23:37:20,-07:00,2026-05-09T23:37:20-07:00,1,15
style.css,208,css,00000000,Not Committed Yet,2026-05-09,23:37:20,-07:00,2026-05-09T23:37:20-07:00,1,49
style.css,209,css,00000000,Not Committed Yet,2026-05-09,23:37:20,-07:00,2026-05-09T23:37:20-07:00,0,0
style.css,210,css,00000000,Not Committed Yet,2026-05-09,23:37:20,-07:00,2026-05-09T23:37:20-07:00,0,0
style.css,211,css,00000000,Not Committed Yet,2026-05-09,23:37:20,-07:00,2026-05-09T23:37:20-07:00,0,9
style.css,212,css,00000000,Not Committed Yet,2026-05-09,23:37:20,-07:00,2026-05-09T23:37:20-07:00,1,8
style.css,213,css,00000000,Not Committed Yet,2026-05-09,23:37:20,-07:00,2026-05-09T23:37:20-07:00,1,15
style.css,214,css,00000000,Not Committed Yet,2026-05-09,23:37:20,-07:00,2026-05-09T23:37:20-07:00,1,15
style.css,215,css,00000000,Not Committed Yet,2026-05-09,23:37:20,-07:00,2026-05-09T23:37:20-07:00,0,0
style.css,216,css,00000000,Not Committed Yet,2026-05-09,23:37:20,-07:00,2026-05-09T23:37:20-07:00,0,0
style.css,217,css,00000000,Not Committed Yet,2026-05-09,23:37:20,-07:00,2026-05-09T23:37:20-07:00,0,6
style.css,218,css,00000000,Not Committed Yet,2026-05-09,23:37:20,-07:00,2026-05-09T23:37:20-07:00,1,14
style.css,219,css,00000000,Not Committed Yet,2026-05-09,23:37:20,-07:00,2026-05-09T23:37:20-07:00,1,15
style.css,220,css,00000000,Not Committed Yet,2026-05-09,23:37:20,-07:00,2026-05-09T23:37:20-07:00,1,17
style.css,221,css,00000000,Not Committed Yet,2026-05-09,23:37:20,-07:00,2026-05-09T23:37:20-07:00,0,0
style.css,222,css,00000000,Not Committed Yet,2026-05-09,23:37:20,-07:00,2026-05-09T23:37:20-07:00,0,0
style.css,223,css,00000000,Not Committed Yet,2026-05-09,23:37:20,-07:00,2026-05-09T23:37:20-07:00,0,10
style.css,224,css,00000000,Not Committed Yet,2026-05-09,23:37:20,-07:00,2026-05-09T23:37:20-07:00,1,10
style.css,225,css,00000000,Not Committed Yet,2026-05-09,23:37:20,-07:00,2026-05-09T23:37:20-07:00,1,15
style.css,226,css,00000000,Not Committed Yet,2026-05-09,23:37:20,-07:00,2026-05-09T23:37:20-07:00,0,0
style.css,227,css,00000000,Not Committed Yet,2026-05-09,23:37:20,-07:00,2026-05-09T23:37:20-07:00,0,0
style.css,228,css,00000000,Not Committed Yet,2026-05-09,23:37:20,-07:00,2026-05-09T23:37:20-07:00,0,15
style.css,229,css,00000000,Not Committed Yet,2026-05-09,23:37:20,-07:00,2026-05-09T23:37:20-07:00,1,50
style.css,230,css,00000000,Not Committed Yet,2026-05-09,23:37:20,-07:00,2026-05-09T23:37:20-07:00,1,20
style.css,231,css,00000000,Not Committed Yet,2026-05-09,23:37:20,-07:00,2026-05-09T23:37:20-07:00,0,0
style.css,232,css,00000000,Not Committed Yet,2026-05-09,23:37:20,-07:00,2026-05-09T23:37:20-07:00,0,0
style.css,233,css,00000000,Not Committed Yet,2026-05-09,23:37:20,-07:00,2026-05-09T23:37:20-07:00,0,15
style.css,234,css,00000000,Not Committed Yet,2026-05-09,23:37:20,-07:00,2026-05-09T23:37:20-07:00,1,12
style.css,235,css,00000000,Not Committed Yet,2026-05-09,23:37:20,-07:00,2026-05-09T23:37:20-07:00,0,0
style.css,236,css,00000000,Not Committed Yet,2026-05-09,23:37:20,-07:00,2026-05-09T23:37:20-07:00,0,0
style.css,237,css,00000000,Not Committed Yet,2026-05-09,23:37:20,-07:00,2026-05-09T23:37:20-07:00,0,6
style.css,238,css,00000000,Not Committed Yet,2026-05-09,23:37:20,-07:00,2026-05-09T23:37:20-07:00,1,16
style.css,239,css,00000000,Not Committed Yet,2026-05-09,23:37:20,-07:00,2026-05-09T23:37:20-07:00,1,23
style.css,240,css,00000000,Not Committed Yet,2026-05-09,23:37:20,-07:00,2026-05-09T23:37:20-07:00,1,22
style.css,241,css,00000000,Not Committed Yet,2026-05-09,23:37:20,-07:00,2026-05-09T23:37:20-07:00,0,0
style.css,242,css,00000000,Not Committed Yet,2026-05-09,23:37:20,-07:00,2026-05-09T23:37:20-07:00,0,0
style.css,243,css,00000000,Not Committed Yet,2026-05-09,23:37:20,-07:00,2026-05-09T23:37:20-07:00,0,12
style.css,244,css,00000000,Not Committed Yet,2026-05-09,23:37:20,-07:00,2026-05-09T23:37:20-07:00,1,20
style.css,245,css,00000000,Not Committed Yet,2026-05-09,23:37:20,-07:00,2026-05-09T23:37:20-07:00,0,0
style.css,246,css,00000000,Not Committed Yet,2026-05-09,23:37:20,-07:00,2026-05-09T23:37:20-07:00,0,0
style.css,247,css,00000000,Not Committed Yet,2026-05-09,23:37:20,-07:00,2026-05-09T23:37:20-07:00,0,15
style.css,248,css,00000000,Not Committed Yet,2026-05-09,23:37:20,-07:00,2026-05-09T23:37:20-07:00,1,12
style.css,249,css,00000000,Not Committed Yet,2026-05-09,23:37:20,-07:00,2026-05-09T23:37:20-07:00,1,17
style.css,250,css,00000000,Not Committed Yet,2026-05-09,23:37:20,-07:00,2026-05-09T23:37:20-07:00,1,16
style.css,251,css,00000000,Not Committed Yet,2026-05-09,23:37:20,-07:00,2026-05-09T23:37:20-07:00,0,0
style.css,252,css,00000000,Not Committed Yet,2026-05-09,23:37:20,-07:00,2026-05-09T23:37:20-07:00,0,0
style.css,253,css,00000000,Not Committed Yet,2026-05-09,23:37:20,-07:00,2026-05-09T23:37:20-07:00,0,7
style.css,254,css,00000000,Not Committed Yet,2026-05-09,23:37:20,-07:00,2026-05-09T23:37:20-07:00,1,12
style.css,255,css,00000000,Not Committed Yet,2026-05-09,23:37:20,-07:00,2026-05-09T23:37:20-07:00,1,37
style.css,256,css,00000000,Not Committed Yet,2026-05-09,23:37:20,-07:00,2026-05-09T23:37:20-07:00,1,17
style.css,257,css,00000000,Not Committed Yet,2026-05-09,23:37:20,-07:00,2026-05-09T23:37:20-07:00,1,8
style.css,258,css,00000000,Not Committed Yet,2026-05-09,23:37:20,-07:00,2026-05-09T23:37:20-07:00,1,25
style.css,259,css,00000000,Not Committed Yet,2026-05-09,23:37:20,-07:00,2026-05-09T23:37:20-07:00,1,39
style.css,260,css,00000000,Not Committed Yet,2026-05-09,23:37:20,-07:00,2026-05-09T23:37:20-07:00,0,0
style.css,261,css,00000000,Not Committed Yet,2026-05-09,23:37:20,-07:00,2026-05-09T23:37:20-07:00,0,0
style.css,262,css,00000000,Not Committed Yet,2026-05-09,23:37:20,-07:00,2026-05-09T23:37:20-07:00,0,10
style.css,263,css,00000000,Not Committed Yet,2026-05-09,23:37:20,-07:00,2026-05-09T23:37:20-07:00,1,49
style.css,264,css,00000000,Not Committed Yet,2026-05-09,23:37:20,-07:00,2026-05-09T23:37:20-07:00,1,15
style.css,265,css,00000000,Not Committed Yet,2026-05-09,23:37:20,-07:00,2026-05-09T23:37:20-07:00,0,0
style.css,266,css,00000000,Not Committed Yet,2026-05-09,23:37:20,-07:00,2026-05-09T23:37:20-07:00,0,0
style.css,267,css,00000000,Not Committed Yet,2026-05-09,23:37:20,-07:00,2026-05-09T23:37:20-07:00,0,10
style.css,268,css,00000000,Not Committed Yet,2026-05-09,23:37:20,-07:00,2026-05-09T23:37:20-07:00,1,8
style.css,269,css,00000000,Not Committed Yet,2026-05-09,23:37:20,-07:00,2026-05-09T23:37:20-07:00,0,0
style.css,270,css,00000000,Not Committed Yet,2026-05-09,23:37:20,-07:00,2026-05-09T23:37:20-07:00,0,0
style.css,271,css,00000000,Not Committed Yet,2026-05-09,23:37:20,-07:00,2026-05-09T23:37:20-07:00,0,8
style.css,272,css,00000000,Not Committed Yet,2026-05-09,23:37:20,-07:00,2026-05-09T23:37:20-07:00,1,14
style.css,273,css,00000000,Not Committed Yet,2026-05-09,23:37:20,-07:00,2026-05-09T23:37:20-07:00,1,8
style.css,274,css,00000000,Not Committed Yet,2026-05-09,23:37:20,-07:00,2026-05-09T23:37:20-07:00,1,7
style.css,275,css,00000000,Not Committed Yet,2026-05-09,23:37:20,-07:00,2026-05-09T23:37:20-07:00,1,53
style.css,276,css,00000000,Not Committed Yet,2026-05-09,23:37:20,-07:00,2026-05-09T23:37:20-07:00,1,60
style.css,277,css,00000000,Not Committed Yet,2026-05-09,23:37:20,-07:00,2026-05-09T23:37:20-07:00,1,20
style.css,278,css,00000000,Not Committed Yet,2026-05-09,23:37:20,-07:00,2026-05-09T23:37:20-07:00,1,44
style.css,279,css,00000000,Not Committed Yet,2026-05-09,23:37:20,-07:00,2026-05-09T23:37:20-07:00,1,18
style.css,280,css,00000000,Not Committed Yet,2026-05-09,23:37:20,-07:00,2026-05-09T23:37:20-07:00,1,10
style.css,281,css,00000000,Not Committed Yet,2026-05-09,23:37:20,-07:00,2026-05-09T23:37:20-07:00,1,19
style.css,282,css,00000000,Not Committed Yet,2026-05-09,23:37:20,-07:00,2026-05-09T23:37:20-07:00,1,14
style.css,283,css,00000000,Not Committed Yet,2026-05-09,23:37:20,-07:00,2026-05-09T23:37:20-07:00,0,0
style.css,284,css,00000000,Not Committed Yet,2026-05-09,23:37:20,-07:00,2026-05-09T23:37:20-07:00,0,0
style.css,285,css,00000000,Not Committed Yet,2026-05-09,23:37:20,-07:00,2026-05-09T23:37:20-07:00,0,42
style.css,286,css,00000000,Not Committed Yet,2026-05-09,23:37:20,-07:00,2026-05-09T23:37:20-07:00,1,9
style.css,287,css,00000000,Not Committed Yet,2026-05-09,23:37:20,-07:00,2026-05-09T23:37:20-07:00,1,17
style.css,288,css,00000000,Not Committed Yet,2026-05-09,23:37:20,-07:00,2026-05-09T23:37:20-07:00,0,0
style.css,289,css,00000000,Not Committed Yet,2026-05-09,23:37:20,-07:00,2026-05-09T23:37:20-07:00,0,0
style.css,290,css,00000000,Not Committed Yet,2026-05-09,23:37:20,-07:00,2026-05-09T23:37:20-07:00,0,24
style.css,291,css,00000000,Not Committed Yet,2026-05-09,23:37:20,-07:00,2026-05-09T23:37:20-07:00,1,2
style.css,292,css,00000000,Not Committed Yet,2026-05-09,23:37:20,-07:00,2026-05-09T23:37:20-07:00,2,20
style.css,293,css,00000000,Not Committed Yet,2026-05-09,23:37:20,-07:00,2026-05-09T23:37:20-07:00,1,0
style.css,294,css,00000000,Not Committed Yet,2026-05-09,23:37:20,-07:00,2026-05-09T23:37:20-07:00,0,0
style.css,295,css,00000000,Not Committed Yet,2026-05-09,23:37:20,-07:00,2026-05-09T23:37:20-07:00,0,0
style.css,296,css,00000000,Not Committed Yet,2026-05-09,23:37:20,-07:00,2026-05-09T23:37:20-07:00,0,10
style.css,297,css,00000000,Not Committed Yet,2026-05-09,23:37:20,-07:00,2026-05-09T23:37:20-07:00,1,16
style.css,298,css,00000000,Not Committed Yet,2026-05-09,23:37:20,-07:00,2026-05-09T23:37:20-07:00,1,17
style.css,299,css,00000000,Not Committed Yet,2026-05-09,23:37:20,-07:00,2026-05-09T23:37:20-07:00,1,18
style.css,300,css,00000000,Not Committed Yet,2026-05-09,23:37:20,-07:00,2026-05-09T23:37:20-07:00,1,20
style.css,301,css,00000000,Not Committed Yet,2026-05-09,23:37:20,-07:00,2026-05-09T23:37:20-07:00,1,42
style.css,302,css,00000000,Not Committed Yet,2026-05-09,23:37:20,-07:00,2026-05-09T23:37:20-07:00,0,0
style.css,303,css,00000000,Not Committed Yet,2026-05-09,23:37:20,-07:00,2026-05-09T23:37:20-07:00,0,0
style.css,304,css,00000000,Not Committed Yet,2026-05-09,23:37:20,-07:00,2026-05-09T23:37:20-07:00,0,16
style.css,305,css,00000000,Not Committed Yet,2026-05-09,23:37:20,-07:00,2026-05-09T23:37:20-07:00,1,15
style.css,306,css,00000000,Not Committed Yet,2026-05-09,23:37:20,-07:00,2026-05-09T23:37:20-07:00,1,16
style.css,307,css,00000000,Not Committed Yet,2026-05-09,23:37:20,-07:00,2026-05-09T23:37:20-07:00,0,0
style.css,308,css,00000000,Not Committed Yet,2026-05-09,23:37:20,-07:00,2026-05-09T23:37:20-07:00,0,0
style.css,309,css,00000000,Not Committed Yet,2026-05-09,23:37:20,-07:00,2026-05-09T23:37:20-07:00,0,19
style.css,310,css,00000000,Not Committed Yet,2026-05-09,23:37:20,-07:00,2026-05-09T23:37:20-07:00,1,57
style.css,311,css,00000000,Not Committed Yet,2026-05-09,23:37:20,-07:00,2026-05-09T23:37:20-07:00,0,0
style.css,312,css,00000000,Not Committed Yet,2026-05-09,23:37:20,-07:00,2026-05-09T23:37:20-07:00,0,0
index.js,1,js,7e1e6ede,Alexa,2026-04-25,18:42:43,-07:00,2026-04-25T18:42:43-07:00,0,71
index.js,2,js,7e1e6ede,Alexa,2026-04-25,18:42:43,-07:00,2026-04-25T18:42:43-07:00,0,0
index.js,3,js,7e1e6ede,Alexa,2026-04-25,18:42:43,-07:00,2026-04-25T18:42:43-07:00,0,54
index.js,4,js,7e1e6ede,Alexa,2026-04-25,18:42:43,-07:00,2026-04-25T18:42:43-07:00,0,42
index.js,5,js,7e1e6ede,Alexa,2026-04-25,18:42:43,-07:00,2026-04-25T18:42:43-07:00,0,0
index.js,6,js,7e1e6ede,Alexa,2026-04-25,18:42:43,-07:00,2026-04-25T18:42:43-07:00,0,60
index.js,7,js,7e1e6ede,Alexa,2026-04-25,18:42:43,-07:00,2026-04-25T18:42:43-07:00,0,22
index.js,8,js,7e1e6ede,Alexa,2026-04-25,18:42:43,-07:00,2026-04-25T18:42:43-07:00,1,54
index.js,9,js,7e1e6ede,Alexa,2026-04-25,18:42:43,-07:00,2026-04-25T18:42:43-07:00,0,0
index.js,10,js,7e1e6ede,Alexa,2026-04-25,18:42:43,-07:00,2026-04-25T18:42:43-07:00,0,0
index.js,11,js,7e1e6ede,Alexa,2026-04-25,18:42:43,-07:00,2026-04-25T18:42:43-07:00,0,53
index.js,12,js,7e1e6ede,Alexa,2026-04-25,18:42:43,-07:00,2026-04-25T18:42:43-07:00,0,60
index.js,13,js,7e1e6ede,Alexa,2026-04-25,18:42:43,-07:00,2026-04-25T18:42:43-07:00,0,0
index.js,14,js,7e1e6ede,Alexa,2026-04-25,18:42:43,-07:00,2026-04-25T18:42:43-07:00,0,17
index.js,15,js,7e1e6ede,Alexa,2026-04-25,18:42:43,-07:00,2026-04-25T18:42:43-07:00,1,24
index.js,16,js,7e1e6ede,Alexa,2026-04-25,18:42:43,-07:00,2026-04-25T18:42:43-07:00,2,2
index.js,17,js,7e1e6ede,Alexa,2026-04-25,18:42:43,-07:00,2026-04-25T18:42:43-07:00,3,54
index.js,18,js,7e1e6ede,Alexa,2026-04-25,18:42:43,-07:00,2026-04-25T18:42:43-07:00,3,54
index.js,19,js,7e1e6ede,Alexa,2026-04-25,18:42:43,-07:00,2026-04-25T18:42:43-07:00,3,48
index.js,20,js,7e1e6ede,Alexa,2026-04-25,18:42:43,-07:00,2026-04-25T18:42:43-07:00,3,48
index.js,21,js,7e1e6ede,Alexa,2026-04-25,18:42:43,-07:00,2026-04-25T18:42:43-07:00,2,3
index.js,22,js,7e1e6ede,Alexa,2026-04-25,18:42:43,-07:00,2026-04-25T18:42:43-07:00,1,0
index.js,23,js,7e1e6ede,Alexa,2026-04-25,18:42:43,-07:00,2026-04-25T18:42:43-07:00,0,0
index.html,1,html,f6046077,Alexa,2026-04-12,22:29:13,-07:00,2026-04-12T22:29:13-07:00,0,13
index.html,2,html,f6046077,Alexa,2026-04-12,22:29:13,-07:00,2026-04-12T22:29:13-07:00,0,14
index.html,3,html,f6046077,Alexa,2026-04-12,22:29:13,-07:00,2026-04-12T22:29:13-07:00,0,4
index.html,4,html,f6046077,Alexa,2026-04-12,22:29:13,-07:00,2026-04-12T22:29:13-07:00,1,22
index.html,5,html,f6046077,Alexa,2026-04-12,22:29:13,-07:00,2026-04-12T22:29:13-07:00,1,70
index.html,6,html,f6046077,Alexa,2026-04-12,22:29:13,-07:00,2026-04-12T22:29:13-07:00,1,47
index.html,7,html,f6046077,Alexa,2026-04-12,22:29:13,-07:00,2026-04-12T22:29:13-07:00,1,40
index.html,8,html,f6046077,Alexa,2026-04-12,22:29:13,-07:00,2026-04-12T22:29:13-07:00,0,5
index.html,9,html,563a3c25,Alexa,2026-04-25,23:50:07,-07:00,2026-04-25T23:50:07-07:00,0,0
index.html,10,html,f6046077,Alexa,2026-04-12,22:29:13,-07:00,2026-04-12T22:29:13-07:00,0,4
index.html,11,html,f6046077,Alexa,2026-04-12,22:29:13,-07:00,2026-04-12T22:29:13-07:00,1,22
index.html,12,html,97ad9bfb,Alexa,2026-04-17,01:23:51,-07:00,2026-04-17T01:23:51-07:00,1,1
index.html,13,html,97ad9bfb,Alexa,2026-04-17,01:23:51,-07:00,2026-04-17T01:23:51-07:00,2,108
index.html,14,html,97ad9bfb,Alexa,2026-04-17,01:23:51,-07:00,2026-04-17T01:23:51-07:00,1,2
index.html,15,html,97ad9bfb,Alexa,2026-04-17,01:23:51,-07:00,2026-04-17T01:23:51-07:00,1,43
index.html,16,html,563a3c25,Alexa,2026-04-25,23:50:07,-07:00,2026-04-25T23:50:07-07:00,0,0
index.html,17,html,563a3c25,Alexa,2026-04-25,23:50:07,-07:00,2026-04-25T23:50:07-07:00,0,22
index.html,18,html,563a3c25,Alexa,2026-04-25,23:50:07,-07:00,2026-04-25T23:50:07-07:00,0,26
index.html,19,html,563a3c25,Alexa,2026-04-25,23:50:07,-07:00,2026-04-25T23:50:07-07:00,0,0
index.html,20,html,563a3c25,Alexa,2026-04-25,23:50:07,-07:00,2026-04-25T23:50:07-07:00,0,27
index.html,21,html,563a3c25,Alexa,2026-04-25,23:50:07,-07:00,2026-04-25T23:50:07-07:00,0,28
index.html,22,html,563a3c25,Alexa,2026-04-25,23:50:07,-07:00,2026-04-25T23:50:07-07:00,0,0
index.html,23,html,563a3c25,Alexa,2026-04-25,23:50:07,-07:00,2026-04-25T23:50:07-07:00,0,45
index.html,24,html,563a3c25,Alexa,2026-04-25,23:50:07,-07:00,2026-04-25T23:50:07-07:00,0,50
index.html,25,html,f6046077,Alexa,2026-04-12,22:29:13,-07:00,2026-04-12T22:29:13-07:00,0,5
index.html,26,html,f6046077,Alexa,2026-04-12,22:29:13,-07:00,2026-04-12T22:29:13-07:00,0,5
global.js,1,js,6352ace5,Alexa,2026-04-17,00:52:51,-07:00,2026-04-17T00:52:51-07:00,0,25
global.js,2,js,6352ace5,Alexa,2026-04-17,00:52:51,-07:00,2026-04-17T00:52:51-07:00,0,0
global.js,3,js,6352ace5,Alexa,2026-04-17,00:52:51,-07:00,2026-04-17T00:52:51-07:00,0,41
global.js,4,js,6352ace5,Alexa,2026-04-17,00:52:51,-07:00,2026-04-17T00:52:51-07:00,1,52
global.js,5,js,6352ace5,Alexa,2026-04-17,00:52:51,-07:00,2026-04-17T00:52:51-07:00,0,0
global.js,6,js,6352ace5,Alexa,2026-04-17,00:52:51,-07:00,2026-04-17T00:52:51-07:00,0,0
global.js,7,js,97ad9bfb,Alexa,2026-04-17,01:23:51,-07:00,2026-04-17T01:23:51-07:00,0,15
global.js,8,js,97ad9bfb,Alexa,2026-04-17,01:23:51,-07:00,2026-04-17T01:23:51-07:00,1,68
global.js,9,js,97ad9bfb,Alexa,2026-04-17,01:23:51,-07:00,2026-04-17T01:23:51-07:00,2,3
global.js,10,js,97ad9bfb,Alexa,2026-04-17,01:23:51,-07:00,2026-04-17T01:23:51-07:00,2,14
global.js,11,js,97ad9bfb,Alexa,2026-04-17,01:23:51,-07:00,2026-04-17T01:23:51-07:00,0,0
global.js,12,js,7e1e6ede,Alexa,2026-04-25,18:42:43,-07:00,2026-04-25T18:42:43-07:00,0,13
global.js,13,js,6352ace5,Alexa,2026-04-17,00:52:51,-07:00,2026-04-17T00:52:51-07:00,1,25
global.js,14,js,6352ace5,Alexa,2026-04-17,00:52:51,-07:00,2026-04-17T00:52:51-07:00,1,38
global.js,15,js,c10e3178,Alexa,2026-04-17,01:12:09,-07:00,2026-04-17T01:12:09-07:00,1,34
global.js,16,js,00000000,Not Committed Yet,2026-05-09,23:37:20,-07:00,2026-05-09T23:37:20-07:00,1,30
global.js,17,js,6352ace5,Alexa,2026-04-17,00:52:51,-07:00,2026-04-17T00:52:51-07:00,1,36
global.js,18,js,97ad9bfb,Alexa,2026-04-17,01:23:51,-07:00,2026-04-17T01:23:51-07:00,1,56
global.js,19,js,6352ace5,Alexa,2026-04-17,00:52:51,-07:00,2026-04-17T00:52:51-07:00,0,0
global.js,20,js,6352ace5,Alexa,2026-04-17,00:52:51,-07:00,2026-04-17T00:52:51-07:00,0,0
global.js,21,js,7e1e6ede,Alexa,2026-04-25,18:42:43,-07:00,2026-04-25T18:42:43-07:00,0,4
global.js,22,js,7e1e6ede,Alexa,2026-04-25,18:42:43,-07:00,2026-04-25T18:42:43-07:00,0,31
global.js,23,js,7e1e6ede,Alexa,2026-04-25,18:42:43,-07:00,2026-04-25T18:42:43-07:00,1,11
global.js,24,js,7e1e6ede,Alexa,2026-04-25,18:42:43,-07:00,2026-04-25T18:42:43-07:00,1,0
global.js,25,js,7e1e6ede,Alexa,2026-04-25,18:42:43,-07:00,2026-04-25T18:42:43-07:00,2,26
global.js,26,js,7e1e6ede,Alexa,2026-04-25,18:42:43,-07:00,2026-04-25T18:42:43-07:00,3,4
global.js,27,js,7e1e6ede,Alexa,2026-04-25,18:42:43,-07:00,2026-04-25T18:42:43-07:00,3,6
global.js,28,js,7e1e6ede,Alexa,2026-04-25,18:42:43,-07:00,2026-04-25T18:42:43-07:00,4,43
global.js,29,js,7e1e6ede,Alexa,2026-04-25,18:42:43,-07:00,2026-04-25T18:42:43-07:00,4,34
global.js,30,js,7e1e6ede,Alexa,2026-04-25,18:42:43,-07:00,2026-04-25T18:42:43-07:00,4,32
global.js,31,js,7e1e6ede,Alexa,2026-04-25,18:42:43,-07:00,2026-04-25T18:42:43-07:00,3,7
global.js,32,js,7e1e6ede,Alexa,2026-04-25,18:42:43,-07:00,2026-04-25T18:42:43-07:00,2,6
global.js,33,js,7e1e6ede,Alexa,2026-04-25,18:42:43,-07:00,2026-04-25T18:42:43-07:00,1,0
global.js,34,js,7e1e6ede,Alexa,2026-04-25,18:42:43,-07:00,2026-04-25T18:42:43-07:00,0,0
global.js,35,js,7e1e6ede,Alexa,2026-04-25,18:42:43,-07:00,2026-04-25T18:42:43-07:00,0,0
global.js,36,js,97ad9bfb,Alexa,2026-04-17,01:23:51,-07:00,2026-04-17T01:23:51-07:00,0,38
global.js,37,js,6352ace5,Alexa,2026-04-17,00:52:51,-07:00,2026-04-17T00:52:51-07:00,0,25
global.js,38,js,6352ace5,Alexa,2026-04-17,00:52:51,-07:00,2026-04-17T00:52:51-07:00,0,0
global.js,39,js,97ad9bfb,Alexa,2026-04-17,01:23:51,-07:00,2026-04-17T01:23:51-07:00,0,20
global.js,40,js,6352ace5,Alexa,2026-04-17,00:52:51,-07:00,2026-04-17T00:52:51-07:00,1,14
global.js,41,js,6352ace5,Alexa,2026-04-17,00:52:51,-07:00,2026-04-17T00:52:51-07:00,0,0
global.js,42,js,6352ace5,Alexa,2026-04-17,00:52:51,-07:00,2026-04-17T00:52:51-07:00,1,28
global.js,43,js,6352ace5,Alexa,2026-04-17,00:52:51,-07:00,2026-04-17T00:52:51-07:00,2,20
global.js,44,js,6352ace5,Alexa,2026-04-17,00:52:51,-07:00,2026-04-17T00:52:51-07:00,1,0
global.js,45,js,6352ace5,Alexa,2026-04-17,00:52:51,-07:00,2026-04-17T00:52:51-07:00,0,0
global.js,46,js,97ad9bfb,Alexa,2026-04-17,01:23:51,-07:00,2026-04-17T01:23:51-07:00,1,34
global.js,47,js,6352ace5,Alexa,2026-04-17,00:52:51,-07:00,2026-04-17T00:52:51-07:00,1,11
global.js,48,js,6352ace5,Alexa,2026-04-17,00:52:51,-07:00,2026-04-17T00:52:51-07:00,1,22
global.js,49,js,6352ace5,Alexa,2026-04-17,00:52:51,-07:00,2026-04-17T00:52:51-07:00,0,0
global.js,50,js,97ad9bfb,Alexa,2026-04-17,01:23:51,-07:00,2026-04-17T01:23:51-07:00,1,17
global.js,51,js,97ad9bfb,Alexa,2026-04-17,01:23:51,-07:00,2026-04-17T01:23:51-07:00,2,8
global.js,52,js,97ad9bfb,Alexa,2026-04-17,01:23:51,-07:00,2026-04-17T01:23:51-07:00,2,58
global.js,53,js,97ad9bfb,Alexa,2026-04-17,01:23:51,-07:00,2026-04-17T01:23:51-07:00,1,0
global.js,54,js,97ad9bfb,Alexa,2026-04-17,01:23:51,-07:00,2026-04-17T01:23:51-07:00,0,0
global.js,55,js,97ad9bfb,Alexa,2026-04-17,01:23:51,-07:00,2026-04-17T01:23:51-07:00,1,29
global.js,56,js,6352ace5,Alexa,2026-04-17,00:52:51,-07:00,2026-04-17T00:52:51-07:00,2,18
global.js,57,js,97ad9bfb,Alexa,2026-04-17,01:23:51,-07:00,2026-04-17T01:23:51-07:00,2,28
global.js,58,js,6352ace5,Alexa,2026-04-17,00:52:51,-07:00,2026-04-17T00:52:51-07:00,1,0
global.js,59,js,6352ace5,Alexa,2026-04-17,00:52:51,-07:00,2026-04-17T00:52:51-07:00,0,0
global.js,60,js,97ad9bfb,Alexa,2026-04-17,01:23:51,-07:00,2026-04-17T01:23:51-07:00,1,12
global.js,61,js,97ad9bfb,Alexa,2026-04-17,01:23:51,-07:00,2026-04-17T01:23:51-07:00,0,0
global.js,62,js,97ad9bfb,Alexa,2026-04-17,01:23:51,-07:00,2026-04-17T01:23:51-07:00,0,0
global.js,63,js,7e1e6ede,Alexa,2026-04-25,18:42:43,-07:00,2026-04-25T18:42:43-07:00,0,6
global.js,64,js,97ad9bfb,Alexa,2026-04-17,01:23:51,-07:00,2026-04-17T01:23:51-07:00,0,58
global.js,65,js,97ad9bfb,Alexa,2026-04-17,01:23:51,-07:00,2026-04-17T01:23:51-07:00,0,0
global.js,66,js,97ad9bfb,Alexa,2026-04-17,01:23:51,-07:00,2026-04-17T01:23:51-07:00,0,36
global.js,67,js,97ad9bfb,Alexa,2026-04-17,01:23:51,-07:00,2026-04-17T01:23:51-07:00,1,70
global.js,68,js,97ad9bfb,Alexa,2026-04-17,01:23:51,-07:00,2026-04-17T01:23:51-07:00,1,25
global.js,69,js,97ad9bfb,Alexa,2026-04-17,01:23:51,-07:00,2026-04-17T01:23:51-07:00,0,0
global.js,70,js,97ad9bfb,Alexa,2026-04-17,01:23:51,-07:00,2026-04-17T01:23:51-07:00,0,0
global.js,71,js,97ad9bfb,Alexa,2026-04-17,01:23:51,-07:00,2026-04-17T01:23:51-07:00,0,34
global.js,72,js,97ad9bfb,Alexa,2026-04-17,01:23:51,-07:00,2026-04-17T01:23:51-07:00,1,39
global.js,73,js,97ad9bfb,Alexa,2026-04-17,01:23:51,-07:00,2026-04-17T01:23:51-07:00,0,0
global.js,74,js,97ad9bfb,Alexa,2026-04-17,01:23:51,-07:00,2026-04-17T01:23:51-07:00,0,0
global.js,75,js,97ad9bfb,Alexa,2026-04-17,01:23:51,-07:00,2026-04-17T01:23:51-07:00,0,49
global.js,76,js,97ad9bfb,Alexa,2026-04-17,01:23:51,-07:00,2026-04-17T01:23:51-07:00,1,35
global.js,77,js,97ad9bfb,Alexa,2026-04-17,01:23:51,-07:00,2026-04-17T01:23:51-07:00,1,26
global.js,78,js,97ad9bfb,Alexa,2026-04-17,01:23:51,-07:00,2026-04-17T01:23:51-07:00,1,37
global.js,79,js,97ad9bfb,Alexa,2026-04-17,01:23:51,-07:00,2026-04-17T01:23:51-07:00,0,1
global.js,80,js,97ad9bfb,Alexa,2026-04-17,01:23:51,-07:00,2026-04-17T01:23:51-07:00,0,0
global.js,81,js,7e1e6ede,Alexa,2026-04-25,18:42:43,-07:00,2026-04-25T18:42:43-07:00,0,31
global.js,82,js,97ad9bfb,Alexa,2026-04-17,01:23:51,-07:00,2026-04-17T01:23:51-07:00,0,40
global.js,83,js,6352ace5,Alexa,2026-04-17,00:52:51,-07:00,2026-04-17T00:52:51-07:00,0,0
global.js,84,js,97ad9bfb,Alexa,2026-04-17,01:23:51,-07:00,2026-04-17T01:23:51-07:00,0,49
global.js,85,js,97ad9bfb,Alexa,2026-04-17,01:23:51,-07:00,2026-04-17T01:23:51-07:00,1,21
global.js,86,js,97ad9bfb,Alexa,2026-04-17,01:23:51,-07:00,2026-04-17T01:23:51-07:00,0,0
global.js,87,js,97ad9bfb,Alexa,2026-04-17,01:23:51,-07:00,2026-04-17T01:23:51-07:00,1,28
global.js,88,js,97ad9bfb,Alexa,2026-04-17,01:23:51,-07:00,2026-04-17T01:23:51-07:00,1,14
global.js,89,js,97ad9bfb,Alexa,2026-04-17,01:23:51,-07:00,2026-04-17T01:23:51-07:00,0,0
global.js,90,js,97ad9bfb,Alexa,2026-04-17,01:23:51,-07:00,2026-04-17T01:23:51-07:00,1,31
global.js,91,js,97ad9bfb,Alexa,2026-04-17,01:23:51,-07:00,2026-04-17T01:23:51-07:00,2,50
global.js,92,js,6352ace5,Alexa,2026-04-17,00:52:51,-07:00,2026-04-17T00:52:51-07:00,1,0
global.js,93,js,6352ace5,Alexa,2026-04-17,00:52:51,-07:00,2026-04-17T00:52:51-07:00,0,0
global.js,94,js,97ad9bfb,Alexa,2026-04-17,01:23:51,-07:00,2026-04-17T01:23:51-07:00,1,45
global.js,95,js,97ad9bfb,Alexa,2026-04-17,01:23:51,-07:00,2026-04-17T01:23:51-07:00,1,18
global.js,96,js,7e1e6ede,Alexa,2026-04-25,18:42:43,-07:00,2026-04-25T18:42:43-07:00,0,1
global.js,97,js,7e1e6ede,Alexa,2026-04-25,18:42:43,-07:00,2026-04-25T18:42:43-07:00,0,0
global.js,98,js,7e1e6ede,Alexa,2026-04-25,18:42:43,-07:00,2026-04-25T18:42:43-07:00,0,12
global.js,99,js,7e1e6ede,Alexa,2026-04-25,18:42:43,-07:00,2026-04-25T18:42:43-07:00,0,0
global.js,100,js,7e1e6ede,Alexa,2026-04-25,18:42:43,-07:00,2026-04-25T18:42:43-07:00,0,36
global.js,101,js,7e1e6ede,Alexa,2026-04-25,18:42:43,-07:00,2026-04-25T18:42:43-07:00,1,3
global.js,102,js,7e1e6ede,Alexa,2026-04-25,18:42:43,-07:00,2026-04-25T18:42:43-07:00,2,32
global.js,103,js,7e1e6ede,Alexa,2026-04-25,18:42:43,-07:00,2026-04-25T18:42:43-07:00,0,0
global.js,104,js,7e1e6ede,Alexa,2026-04-25,18:42:43,-07:00,2026-04-25T18:42:43-07:00,2,17
global.js,105,js,7e1e6ede,Alexa,2026-04-25,18:42:43,-07:00,2026-04-25T18:42:43-07:00,3,62
global.js,106,js,7e1e6ede,Alexa,2026-04-25,18:42:43,-07:00,2026-04-25T18:42:43-07:00,2,0
global.js,107,js,7e1e6ede,Alexa,2026-04-25,18:42:43,-07:00,2026-04-25T18:42:43-07:00,0,0
global.js,108,js,7e1e6ede,Alexa,2026-04-25,18:42:43,-07:00,2026-04-25T18:42:43-07:00,2,33
global.js,109,js,7e1e6ede,Alexa,2026-04-25,18:42:43,-07:00,2026-04-25T18:42:43-07:00,2,10
global.js,110,js,7e1e6ede,Alexa,2026-04-25,18:42:43,-07:00,2026-04-25T18:42:43-07:00,1,15
global.js,111,js,7e1e6ede,Alexa,2026-04-25,18:42:43,-07:00,2026-04-25T18:42:43-07:00,2,59
global.js,112,js,7e1e6ede,Alexa,2026-04-25,18:42:43,-07:00,2026-04-25T18:42:43-07:00,2,8
global.js,113,js,7e1e6ede,Alexa,2026-04-25,18:42:43,-07:00,2026-04-25T18:42:43-07:00,1,0
global.js,114,js,7e1e6ede,Alexa,2026-04-25,18:42:43,-07:00,2026-04-25T18:42:43-07:00,0,0
global.js,115,js,7e1e6ede,Alexa,2026-04-25,18:42:43,-07:00,2026-04-25T18:42:43-07:00,0,0
global.js,116,js,7e1e6ede,Alexa,2026-04-25,18:42:43,-07:00,2026-04-25T18:42:43-07:00,0,79
global.js,117,js,7e1e6ede,Alexa,2026-04-25,18:42:43,-07:00,2026-04-25T18:42:43-07:00,1,28
global.js,118,js,7e1e6ede,Alexa,2026-04-25,18:42:43,-07:00,2026-04-25T18:42:43-07:00,0,0
global.js,119,js,7e1e6ede,Alexa,2026-04-25,18:42:43,-07:00,2026-04-25T18:42:43-07:00,1,30
global.js,120,js,7e1e6ede,Alexa,2026-04-25,18:42:43,-07:00,2026-04-25T18:42:43-07:00,0,0
global.js,121,js,7e1e6ede,Alexa,2026-04-25,18:42:43,-07:00,2026-04-25T18:42:43-07:00,1,29
global.js,122,js,7e1e6ede,Alexa,2026-04-25,18:42:43,-07:00,2026-04-25T18:42:43-07:00,2,48
global.js,123,js,7e1e6ede,Alexa,2026-04-25,18:42:43,-07:00,2026-04-25T18:42:43-07:00,0,0
global.js,124,js,7e1e6ede,Alexa,2026-04-25,18:42:43,-07:00,2026-04-25T18:42:43-07:00,2,19
global.js,125,js,7e1e6ede,Alexa,2026-04-25,18:42:43,-07:00,2026-04-25T18:42:43-07:00,3,49
global.js,126,js,7e1e6ede,Alexa,2026-04-25,18:42:43,-07:00,2026-04-25T18:42:43-07:00,3,49
global.js,127,js,7e23f7f3,Alexa,2026-05-01,17:22:25,-07:00,2026-05-01T17:22:25-07:00,3,24
global.js,128,js,7e23f7f3,Alexa,2026-05-01,17:22:25,-07:00,2026-05-01T17:22:25-07:00,4,27
global.js,129,js,7e23f7f3,Alexa,2026-05-01,17:22:25,-07:00,2026-05-01T17:22:25-07:00,4,41
global.js,130,js,7e23f7f3,Alexa,2026-05-01,17:22:25,-07:00,2026-05-01T17:22:25-07:00,3,4
global.js,131,js,7e1e6ede,Alexa,2026-04-25,18:42:43,-07:00,2026-04-25T18:42:43-07:00,2,0
global.js,132,js,7e1e6ede,Alexa,2026-04-25,18:42:43,-07:00,2026-04-25T18:42:43-07:00,0,0
global.js,133,js,7e1e6ede,Alexa,2026-04-25,18:42:43,-07:00,2026-04-25T18:42:43-07:00,2,36
global.js,134,js,7e1e6ede,Alexa,2026-04-25,18:42:43,-07:00,2026-04-25T18:42:43-07:00,1,0
global.js,135,js,7e1e6ede,Alexa,2026-04-25,18:42:43,-07:00,2026-04-25T18:42:43-07:00,0,0
global.js,136,js,7e1e6ede,Alexa,2026-04-25,18:42:43,-07:00,2026-04-25T18:42:43-07:00,0,0
global.js,137,js,7e1e6ede,Alexa,2026-04-25,18:42:43,-07:00,2026-04-25T18:42:43-07:00,0,47
global.js,138,js,7e1e6ede,Alexa,2026-04-25,18:42:43,-07:00,2026-04-25T18:42:43-07:00,1,59
global.js,139,js,7e1e6ede,Alexa,2026-04-25,18:42:43,-07:00,2026-04-25T18:42:43-07:00,0,0
cv.html,1,html,f6046077,Alexa,2026-04-12,22:29:13,-07:00,2026-04-12T22:29:13-07:00,0,13
cv.html,2,html,f6046077,Alexa,2026-04-12,22:29:13,-07:00,2026-04-12T22:29:13-07:00,0,14
cv.html,3,html,f6046077,Alexa,2026-04-12,22:29:13,-07:00,2026-04-12T22:29:13-07:00,0,4
cv.html,4,html,f6046077,Alexa,2026-04-12,22:29:13,-07:00,2026-04-12T22:29:13-07:00,1,22
cv.html,5,html,f6046077,Alexa,2026-04-12,22:29:13,-07:00,2026-04-12T22:29:13-07:00,1,70
cv.html,6,html,f6046077,Alexa,2026-04-12,22:29:13,-07:00,2026-04-12T22:29:13-07:00,1,15
cv.html,7,html,f6046077,Alexa,2026-04-12,22:29:13,-07:00,2026-04-12T22:29:13-07:00,1,40
cv.html,8,html,97ad9bfb,Alexa,2026-04-17,01:23:51,-07:00,2026-04-17T01:23:51-07:00,1,45
cv.html,9,html,f6046077,Alexa,2026-04-12,22:29:13,-07:00,2026-04-12T22:29:13-07:00,0,5
cv.html,10,html,f6046077,Alexa,2026-04-12,22:29:13,-07:00,2026-04-12T22:29:13-07:00,0,4
cv.html,11,html,f6046077,Alexa,2026-04-12,22:29:13,-07:00,2026-04-12T22:29:13-07:00,1,9
cv.html,12,html,f6046077,Alexa,2026-04-12,22:29:13,-07:00,2026-04-12T22:29:13-07:00,0,0
cv.html,13,html,f6046077,Alexa,2026-04-12,22:29:13,-07:00,2026-04-12T22:29:13-07:00,1,7
cv.html,14,html,97ad9bfb,Alexa,2026-04-17,01:23:51,-07:00,2026-04-17T01:23:51-07:00,2,16
cv.html,15,html,97ad9bfb,Alexa,2026-04-17,01:23:51,-07:00,2026-04-17T01:23:51-07:00,2,60
cv.html,16,html,97ad9bfb,Alexa,2026-04-17,01:23:51,-07:00,2026-04-17T01:23:51-07:00,1,8
cv.html,17,html,f6046077,Alexa,2026-04-12,22:29:13,-07:00,2026-04-12T22:29:13-07:00,0,0
cv.html,18,html,97ad9bfb,Alexa,2026-04-17,01:23:51,-07:00,2026-04-17T01:23:51-07:00,1,7
cv.html,19,html,97ad9bfb,Alexa,2026-04-17,01:23:51,-07:00,2026-04-17T01:23:51-07:00,2,13
cv.html,20,html,97ad9bfb,Alexa,2026-04-17,01:23:51,-07:00,2026-04-17T01:23:51-07:00,2,43
cv.html,21,html,97ad9bfb,Alexa,2026-04-17,01:23:51,-07:00,2026-04-17T01:23:51-07:00,1,8
cv.html,22,html,f6046077,Alexa,2026-04-12,22:29:13,-07:00,2026-04-12T22:29:13-07:00,0,0
cv.html,23,html,97ad9bfb,Alexa,2026-04-17,01:23:51,-07:00,2026-04-17T01:23:51-07:00,1,7
cv.html,24,html,97ad9bfb,Alexa,2026-04-17,01:23:51,-07:00,2026-04-17T01:23:51-07:00,2,15
cv.html,25,html,97ad9bfb,Alexa,2026-04-17,01:23:51,-07:00,2026-04-17T01:23:51-07:00,2,87
cv.html,26,html,97ad9bfb,Alexa,2026-04-17,01:23:51,-07:00,2026-04-17T01:23:51-07:00,1,8
cv.html,27,html,f6046077,Alexa,2026-04-12,22:29:13,-07:00,2026-04-12T22:29:13-07:00,0,0
cv.html,28,html,97ad9bfb,Alexa,2026-04-17,01:23:51,-07:00,2026-04-17T01:23:51-07:00,1,7
cv.html,29,html,97ad9bfb,Alexa,2026-04-17,01:23:51,-07:00,2026-04-17T01:23:51-07:00,2,16
cv.html,30,html,97ad9bfb,Alexa,2026-04-17,01:23:51,-07:00,2026-04-17T01:23:51-07:00,2,91
cv.html,31,html,97ad9bfb,Alexa,2026-04-17,01:23:51,-07:00,2026-04-17T01:23:51-07:00,1,8
cv.html,32,html,f6046077,Alexa,2026-04-12,22:29:13,-07:00,2026-04-12T22:29:13-07:00,0,5
cv.html,33,html,f6046077,Alexa,2026-04-12,22:29:13,-07:00,2026-04-12T22:29:13-07:00,0,5
projects\projects.js,1,js,7e1e6ede,Alexa,2026-04-25,18:42:43,-07:00,2026-04-25T18:42:43-07:00,0,55
projects\projects.js,2,js,739e4ec5,Alexa,2026-05-01,17:26:54,-07:00,2026-05-01T17:26:54-07:00,0,63
projects\projects.js,3,js,7e1e6ede,Alexa,2026-04-25,18:42:43,-07:00,2026-04-25T18:42:43-07:00,0,0
projects\projects.js,4,js,7e1e6ede,Alexa,2026-04-25,18:42:43,-07:00,2026-04-25T18:42:43-07:00,0,55
projects\projects.js,5,js,7e1e6ede,Alexa,2026-04-25,18:42:43,-07:00,2026-04-25T18:42:43-07:00,0,60
projects\projects.js,6,js,739e4ec5,Alexa,2026-05-01,17:26:54,-07:00,2026-05-01T17:26:54-07:00,0,62
projects\projects.js,7,js,739e4ec5,Alexa,2026-05-01,17:26:54,-07:00,2026-05-01T17:26:54-07:00,0,55
projects\projects.js,8,js,7e1e6ede,Alexa,2026-04-25,18:42:43,-07:00,2026-04-25T18:42:43-07:00,0,0
projects\projects.js,9,js,739e4ec5,Alexa,2026-05-01,17:26:54,-07:00,2026-05-01T17:26:54-07:00,0,13
projects\projects.js,10,js,739e4ec5,Alexa,2026-05-01,17:26:54,-07:00,2026-05-01T17:26:54-07:00,0,21
projects\projects.js,11,js,36ea0780,Alexa,2026-05-01,17:31:16,-07:00,2026-05-01T17:31:16-07:00,0,22
projects\projects.js,12,js,7e1e6ede,Alexa,2026-04-25,18:42:43,-07:00,2026-04-25T18:42:43-07:00,0,0
projects\projects.js,13,js,739e4ec5,Alexa,2026-05-01,17:26:54,-07:00,2026-05-01T17:26:54-07:00,0,43
projects\projects.js,14,js,36ea0780,Alexa,2026-05-01,17:31:16,-07:00,2026-05-01T17:31:16-07:00,1,18
projects\projects.js,15,js,36ea0780,Alexa,2026-05-01,17:31:16,-07:00,2026-05-01T17:31:16-07:00,2,63
projects\projects.js,16,js,36ea0780,Alexa,2026-05-01,17:31:16,-07:00,2026-05-01T17:31:16-07:00,1,0
projects\projects.js,17,js,739e4ec5,Alexa,2026-05-01,17:26:54,-07:00,2026-05-01T17:26:54-07:00,0,0
projects\projects.js,18,js,739e4ec5,Alexa,2026-05-01,17:26:54,-07:00,2026-05-01T17:26:54-07:00,0,0
projects\projects.js,19,js,36ea0780,Alexa,2026-05-01,17:31:16,-07:00,2026-05-01T17:31:16-07:00,0,36
projects\projects.js,20,js,739e4ec5,Alexa,2026-05-01,17:26:54,-07:00,2026-05-01T17:26:54-07:00,1,35
projects\projects.js,21,js,739e4ec5,Alexa,2026-05-01,17:26:54,-07:00,2026-05-01T17:26:54-07:00,2,59
projects\projects.js,22,js,739e4ec5,Alexa,2026-05-01,17:26:54,-07:00,2026-05-01T17:26:54-07:00,2,42
projects\projects.js,23,js,739e4ec5,Alexa,2026-05-01,17:26:54,-07:00,2026-05-01T17:26:54-07:00,1,1
projects\projects.js,24,js,739e4ec5,Alexa,2026-05-01,17:26:54,-07:00,2026-05-01T17:26:54-07:00,0,0
projects\projects.js,25,js,739e4ec5,Alexa,2026-05-01,17:26:54,-07:00,2026-05-01T17:26:54-07:00,0,0
projects\projects.js,26,js,36ea0780,Alexa,2026-05-01,17:31:16,-07:00,2026-05-01T17:31:16-07:00,0,29
projects\projects.js,27,js,36ea0780,Alexa,2026-05-01,17:31:16,-07:00,2026-05-01T17:31:16-07:00,1,41
projects\projects.js,28,js,dbfb5d6b,Alexa,2026-05-01,20:47:44,-07:00,2026-05-01T20:47:44-07:00,1,43
projects\projects.js,29,js,36ea0780,Alexa,2026-05-01,17:31:16,-07:00,2026-05-01T17:31:16-07:00,0,0
projects\projects.js,30,js,36ea0780,Alexa,2026-05-01,17:31:16,-07:00,2026-05-01T17:31:16-07:00,1,58
projects\projects.js,31,js,36ea0780,Alexa,2026-05-01,17:31:16,-07:00,2026-05-01T17:31:16-07:00,2,53
projects\projects.js,32,js,dbfb5d6b,Alexa,2026-05-01,20:47:44,-07:00,2026-05-01T20:47:44-07:00,2,41
projects\projects.js,33,js,dbfb5d6b,Alexa,2026-05-01,20:47:44,-07:00,2026-05-01T20:47:44-07:00,0,0
projects\projects.js,34,js,36ea0780,Alexa,2026-05-01,17:31:16,-07:00,2026-05-01T17:31:16-07:00,2,69
projects\projects.js,35,js,dbfb5d6b,Alexa,2026-05-01,20:47:44,-07:00,2026-05-01T20:47:44-07:00,2,42
projects\projects.js,36,js,36ea0780,Alexa,2026-05-01,17:31:16,-07:00,2026-05-01T17:31:16-07:00,1,0
projects\projects.js,37,js,36ea0780,Alexa,2026-05-01,17:31:16,-07:00,2026-05-01T17:31:16-07:00,0,0
projects\projects.js,38,js,36ea0780,Alexa,2026-05-01,17:31:16,-07:00,2026-05-01T17:31:16-07:00,1,14
projects\projects.js,39,js,36ea0780,Alexa,2026-05-01,17:31:16,-07:00,2026-05-01T17:31:16-07:00,0,0
projects\projects.js,40,js,36ea0780,Alexa,2026-05-01,17:31:16,-07:00,2026-05-01T17:31:16-07:00,0,0
projects\projects.js,41,js,739e4ec5,Alexa,2026-05-01,17:26:54,-07:00,2026-05-01T17:26:54-07:00,0,38
projects\projects.js,42,js,739e4ec5,Alexa,2026-05-01,17:26:54,-07:00,2026-05-01T17:26:54-07:00,1,26
projects\projects.js,43,js,739e4ec5,Alexa,2026-05-01,17:26:54,-07:00,2026-05-01T17:26:54-07:00,2,12
projects\projects.js,44,js,739e4ec5,Alexa,2026-05-01,17:26:54,-07:00,2026-05-01T17:26:54-07:00,2,14
projects\projects.js,45,js,739e4ec5,Alexa,2026-05-01,17:26:54,-07:00,2026-05-01T17:26:54-07:00,2,11
projects\projects.js,46,js,739e4ec5,Alexa,2026-05-01,17:26:54,-07:00,2026-05-01T17:26:54-07:00,1,0
projects\projects.js,47,js,739e4ec5,Alexa,2026-05-01,17:26:54,-07:00,2026-05-01T17:26:54-07:00,0,0
projects\projects.js,48,js,739e4ec5,Alexa,2026-05-01,17:26:54,-07:00,2026-05-01T17:26:54-07:00,1,44
projects\projects.js,49,js,739e4ec5,Alexa,2026-05-01,17:26:54,-07:00,2026-05-01T17:26:54-07:00,2,35
projects\projects.js,50,js,739e4ec5,Alexa,2026-05-01,17:26:54,-07:00,2026-05-01T17:26:54-07:00,1,1
projects\projects.js,51,js,739e4ec5,Alexa,2026-05-01,17:26:54,-07:00,2026-05-01T17:26:54-07:00,0,0
projects\projects.js,52,js,36ea0780,Alexa,2026-05-01,17:31:16,-07:00,2026-05-01T17:31:16-07:00,1,20
projects\projects.js,53,js,36ea0780,Alexa,2026-05-01,17:31:16,-07:00,2026-05-01T17:31:16-07:00,0,0
projects\projects.js,54,js,36ea0780,Alexa,2026-05-01,17:31:16,-07:00,2026-05-01T17:31:16-07:00,1,43
projects\projects.js,55,js,36ea0780,Alexa,2026-05-01,17:31:16,-07:00,2026-05-01T17:31:16-07:00,2,17
projects\projects.js,56,js,36ea0780,Alexa,2026-05-01,17:31:16,-07:00,2026-05-01T17:31:16-07:00,1,0
projects\projects.js,57,js,36ea0780,Alexa,2026-05-01,17:31:16,-07:00,2026-05-01T17:31:16-07:00,0,0
projects\projects.js,58,js,739e4ec5,Alexa,2026-05-01,17:26:54,-07:00,2026-05-01T17:26:54-07:00,1,57
projects\projects.js,59,js,739e4ec5,Alexa,2026-05-01,17:26:54,-07:00,2026-05-01T17:26:54-07:00,1,50
projects\projects.js,60,js,739e4ec5,Alexa,2026-05-01,17:26:54,-07:00,2026-05-01T17:26:54-07:00,1,33
projects\projects.js,61,js,739e4ec5,Alexa,2026-05-01,17:26:54,-07:00,2026-05-01T17:26:54-07:00,1,47
projects\projects.js,62,js,739e4ec5,Alexa,2026-05-01,17:26:54,-07:00,2026-05-01T17:26:54-07:00,0,0
projects\projects.js,63,js,739e4ec5,Alexa,2026-05-01,17:26:54,-07:00,2026-05-01T17:26:54-07:00,1,40
projects\projects.js,64,js,739e4ec5,Alexa,2026-05-01,17:26:54,-07:00,2026-05-01T17:26:54-07:00,1,32
projects\projects.js,65,js,739e4ec5,Alexa,2026-05-01,17:26:54,-07:00,2026-05-01T17:26:54-07:00,0,0
projects\projects.js,66,js,739e4ec5,Alexa,2026-05-01,17:26:54,-07:00,2026-05-01T17:26:54-07:00,1,29
projects\projects.js,67,js,739e4ec5,Alexa,2026-05-01,17:26:54,-07:00,2026-05-01T17:26:54-07:00,1,29
projects\projects.js,68,js,739e4ec5,Alexa,2026-05-01,17:26:54,-07:00,2026-05-01T17:26:54-07:00,0,0
projects\projects.js,69,js,36ea0780,Alexa,2026-05-01,17:31:16,-07:00,2026-05-01T17:31:16-07:00,1,25
projects\projects.js,70,js,739e4ec5,Alexa,2026-05-01,17:26:54,-07:00,2026-05-01T17:26:54-07:00,2,1
projects\projects.js,71,js,739e4ec5,Alexa,2026-05-01,17:26:54,-07:00,2026-05-01T17:26:54-07:00,3,13
projects\projects.js,72,js,36ea0780,Alexa,2026-05-01,17:31:16,-07:00,2026-05-01T17:31:16-07:00,3,25
projects\projects.js,73,js,739e4ec5,Alexa,2026-05-01,17:26:54,-07:00,2026-05-01T17:26:54-07:00,3,22
projects\projects.js,74,js,739e4ec5,Alexa,2026-05-01,17:26:54,-07:00,2026-05-01T17:26:54-07:00,3,51
projects\projects.js,75,js,739e4ec5,Alexa,2026-05-01,17:26:54,-07:00,2026-05-01T17:26:54-07:00,3,18
projects\projects.js,76,js,739e4ec5,Alexa,2026-05-01,17:26:54,-07:00,2026-05-01T17:26:54-07:00,4,43
projects\projects.js,77,js,36ea0780,Alexa,2026-05-01,17:31:16,-07:00,2026-05-01T17:31:16-07:00,4,13
projects\projects.js,78,js,739e4ec5,Alexa,2026-05-01,17:26:54,-07:00,2026-05-01T17:26:54-07:00,3,1
projects\projects.js,79,js,739e4ec5,Alexa,2026-05-01,17:26:54,-07:00,2026-05-01T17:26:54-07:00,1,1
projects\projects.js,80,js,739e4ec5,Alexa,2026-05-01,17:26:54,-07:00,2026-05-01T17:26:54-07:00,0,0
projects\projects.js,81,js,739e4ec5,Alexa,2026-05-01,17:26:54,-07:00,2026-05-01T17:26:54-07:00,1,24
projects\projects.js,82,js,739e4ec5,Alexa,2026-05-01,17:26:54,-07:00,2026-05-01T17:26:54-07:00,2,4
projects\projects.js,83,js,739e4ec5,Alexa,2026-05-01,17:26:54,-07:00,2026-05-01T17:26:54-07:00,3,11
projects\projects.js,84,js,739e4ec5,Alexa,2026-05-01,17:26:54,-07:00,2026-05-01T17:26:54-07:00,3,38
projects\projects.js,85,js,739e4ec5,Alexa,2026-05-01,17:26:54,-07:00,2026-05-01T17:26:54-07:00,3,76
projects\projects.js,86,js,36ea0780,Alexa,2026-05-01,17:31:16,-07:00,2026-05-01T17:31:16-07:00,3,68
projects\projects.js,87,js,36ea0780,Alexa,2026-05-01,17:31:16,-07:00,2026-05-01T17:31:16-07:00,3,18
projects\projects.js,88,js,dbfb5d6b,Alexa,2026-05-01,20:47:44,-07:00,2026-05-01T20:47:44-07:00,4,43
projects\projects.js,89,js,36ea0780,Alexa,2026-05-01,17:31:16,-07:00,2026-05-01T17:31:16-07:00,4,47
projects\projects.js,90,js,dbfb5d6b,Alexa,2026-05-01,20:47:44,-07:00,2026-05-01T20:47:44-07:00,4,55
projects\projects.js,91,js,36ea0780,Alexa,2026-05-01,17:31:16,-07:00,2026-05-01T17:31:16-07:00,4,13
projects\projects.js,92,js,36ea0780,Alexa,2026-05-01,17:31:16,-07:00,2026-05-01T17:31:16-07:00,3,1
projects\projects.js,93,js,739e4ec5,Alexa,2026-05-01,17:26:54,-07:00,2026-05-01T17:26:54-07:00,1,1
projects\projects.js,94,js,739e4ec5,Alexa,2026-05-01,17:26:54,-07:00,2026-05-01T17:26:54-07:00,0,0
projects\projects.js,95,js,739e4ec5,Alexa,2026-05-01,17:26:54,-07:00,2026-05-01T17:26:54-07:00,0,0
projects\projects.js,96,js,36ea0780,Alexa,2026-05-01,17:31:16,-07:00,2026-05-01T17:31:16-07:00,0,23
projects\projects.js,97,js,dbfb5d6b,Alexa,2026-05-01,20:47:44,-07:00,2026-05-01T20:47:44-07:00,1,34
projects\projects.js,98,js,dbfb5d6b,Alexa,2026-05-01,20:47:44,-07:00,2026-05-01T20:47:44-07:00,0,0
projects\projects.js,99,js,36ea0780,Alexa,2026-05-01,17:31:16,-07:00,2026-05-01T17:31:16-07:00,1,55
projects\projects.js,100,js,dbfb5d6b,Alexa,2026-05-01,20:47:44,-07:00,2026-05-01T20:47:44-07:00,1,61
projects\projects.js,101,js,36ea0780,Alexa,2026-05-01,17:31:16,-07:00,2026-05-01T17:31:16-07:00,0,0
projects\projects.js,102,js,36ea0780,Alexa,2026-05-01,17:31:16,-07:00,2026-05-01T17:31:16-07:00,1,37
projects\projects.js,103,js,36ea0780,Alexa,2026-05-01,17:31:16,-07:00,2026-05-01T17:31:16-07:00,0,0
projects\projects.js,104,js,36ea0780,Alexa,2026-05-01,17:31:16,-07:00,2026-05-01T17:31:16-07:00,1,41
projects\projects.js,105,js,dbfb5d6b,Alexa,2026-05-01,20:47:44,-07:00,2026-05-01T20:47:44-07:00,1,47
projects\projects.js,106,js,dbfb5d6b,Alexa,2026-05-01,20:47:44,-07:00,2026-05-01T20:47:44-07:00,0,0
projects\projects.js,107,js,36ea0780,Alexa,2026-05-01,17:31:16,-07:00,2026-05-01T17:31:16-07:00,1,55
projects\projects.js,108,js,36ea0780,Alexa,2026-05-01,17:31:16,-07:00,2026-05-01T17:31:16-07:00,1,35
projects\projects.js,109,js,36ea0780,Alexa,2026-05-01,17:31:16,-07:00,2026-05-01T17:31:16-07:00,0,0
projects\projects.js,110,js,739e4ec5,Alexa,2026-05-01,17:26:54,-07:00,2026-05-01T17:26:54-07:00,0,0
projects\projects.js,111,js,739e4ec5,Alexa,2026-05-01,17:26:54,-07:00,2026-05-01T17:26:54-07:00,0,48
projects\projects.js,112,js,739e4ec5,Alexa,2026-05-01,17:26:54,-07:00,2026-05-01T17:26:54-07:00,1,25
projects\projects.js,113,js,36ea0780,Alexa,2026-05-01,17:31:16,-07:00,2026-05-01T17:31:16-07:00,1,13
projects\projects.js,114,js,36ea0780,Alexa,2026-05-01,17:31:16,-07:00,2026-05-01T17:31:16-07:00,0,1
projects\projects.js,115,js,739e4ec5,Alexa,2026-05-01,17:26:54,-07:00,2026-05-01T17:26:54-07:00,0,0
projects\projects.js,116,js,36ea0780,Alexa,2026-05-01,17:31:16,-07:00,2026-05-01T17:31:16-07:00,0,13
projects\index.html,1,html,f6046077,Alexa,2026-04-12,22:29:13,-07:00,2026-04-12T22:29:13-07:00,0,13
projects\index.html,2,html,f6046077,Alexa,2026-04-12,22:29:13,-07:00,2026-04-12T22:29:13-07:00,0,14
projects\index.html,3,html,f6046077,Alexa,2026-04-12,22:29:13,-07:00,2026-04-12T22:29:13-07:00,0,4
projects\index.html,4,html,f6046077,Alexa,2026-04-12,22:29:13,-07:00,2026-04-12T22:29:13-07:00,1,22
projects\index.html,5,html,f6046077,Alexa,2026-04-12,22:29:13,-07:00,2026-04-12T22:29:13-07:00,1,70
projects\index.html,6,html,f6046077,Alexa,2026-04-12,22:29:13,-07:00,2026-04-12T22:29:13-07:00,1,21
projects\index.html,7,html,f6046077,Alexa,2026-04-12,22:29:13,-07:00,2026-04-12T22:29:13-07:00,1,43
projects\index.html,8,html,f6046077,Alexa,2026-04-12,22:29:13,-07:00,2026-04-12T22:29:13-07:00,0,5
projects\index.html,9,html,f6046077,Alexa,2026-04-12,22:29:13,-07:00,2026-04-12T22:29:13-07:00,0,4
projects\index.html,10,html,db16dd12,Alexa,2026-04-25,18:55:24,-07:00,2026-04-25T18:55:24-07:00,1,38
projects\index.html,11,html,f6046077,Alexa,2026-04-12,22:29:13,-07:00,2026-04-12T22:29:13-07:00,0,0
projects\index.html,12,html,739e4ec5,Alexa,2026-05-01,17:26:54,-07:00,2026-05-01T17:26:54-07:00,1,24
projects\index.html,13,html,739e4ec5,Alexa,2026-05-01,17:26:54,-07:00,2026-05-01T17:26:54-07:00,2,58
projects\index.html,14,html,739e4ec5,Alexa,2026-05-01,17:26:54,-07:00,2026-05-01T17:26:54-07:00,2,22
projects\index.html,15,html,739e4ec5,Alexa,2026-05-01,17:26:54,-07:00,2026-05-01T17:26:54-07:00,1,4
projects\index.html,16,html,739e4ec5,Alexa,2026-05-01,17:26:54,-07:00,2026-05-01T17:26:54-07:00,0,0
projects\index.html,17,html,739e4ec5,Alexa,2026-05-01,17:26:54,-07:00,2026-05-01T17:26:54-07:00,1,4
projects\index.html,18,html,739e4ec5,Alexa,2026-05-01,17:26:54,-07:00,2026-05-01T17:26:54-07:00,2,15
projects\index.html,19,html,739e4ec5,Alexa,2026-05-01,17:26:54,-07:00,2026-05-01T17:26:54-07:00,2,11
projects\index.html,20,html,739e4ec5,Alexa,2026-05-01,17:26:54,-07:00,2026-05-01T17:26:54-07:00,2,26
projects\index.html,21,html,739e4ec5,Alexa,2026-05-01,17:26:54,-07:00,2026-05-01T17:26:54-07:00,2,33
projects\index.html,22,html,739e4ec5,Alexa,2026-05-01,17:26:54,-07:00,2026-05-01T17:26:54-07:00,1,0
projects\index.html,23,html,739e4ec5,Alexa,2026-05-01,17:26:54,-07:00,2026-05-01T17:26:54-07:00,0,0
projects\index.html,24,html,db16dd12,Alexa,2026-04-25,18:55:24,-07:00,2026-04-25T18:55:24-07:00,1,26
projects\index.html,25,html,f6046077,Alexa,2026-04-12,22:29:13,-07:00,2026-04-12T22:29:13-07:00,0,0
projects\index.html,26,html,db16dd12,Alexa,2026-04-25,18:55:24,-07:00,2026-04-25T18:55:24-07:00,1,48
projects\index.html,27,html,db16dd12,Alexa,2026-04-25,18:55:24,-07:00,2026-04-25T18:55:24-07:00,1,47
projects\index.html,28,html,f6046077,Alexa,2026-04-12,22:29:13,-07:00,2026-04-12T22:29:13-07:00,0,5
projects\index.html,29,html,f6046077,Alexa,2026-04-12,22:29:13,-07:00,2026-04-12T22:29:13-07:00,0,5
contact\index.html,1,html,f6046077,Alexa,2026-04-12,22:29:13,-07:00,2026-04-12T22:29:13-07:00,0,13
contact\index.html,2,html,f6046077,Alexa,2026-04-12,22:29:13,-07:00,2026-04-12T22:29:13-07:00,0,14
contact\index.html,3,html,f6046077,Alexa,2026-04-12,22:29:13,-07:00,2026-04-12T22:29:13-07:00,0,4
contact\index.html,4,html,f6046077,Alexa,2026-04-12,22:29:13,-07:00,2026-04-12T22:29:13-07:00,1,22
contact\index.html,5,html,f6046077,Alexa,2026-04-12,22:29:13,-07:00,2026-04-12T22:29:13-07:00,1,70
contact\index.html,6,html,f6046077,Alexa,2026-04-12,22:29:13,-07:00,2026-04-12T22:29:13-07:00,1,20
contact\index.html,7,html,f6046077,Alexa,2026-04-12,22:29:13,-07:00,2026-04-12T22:29:13-07:00,1,43
contact\index.html,8,html,962d0cf9,Alexa,2026-04-17,01:10:05,-07:00,2026-04-17T01:10:05-07:00,1,48
contact\index.html,9,html,f6046077,Alexa,2026-04-12,22:29:13,-07:00,2026-04-12T22:29:13-07:00,0,5
contact\index.html,10,html,f6046077,Alexa,2026-04-12,22:29:13,-07:00,2026-04-12T22:29:13-07:00,0,4
contact\index.html,11,html,f6046077,Alexa,2026-04-12,22:29:13,-07:00,2026-04-12T22:29:13-07:00,1,14
contact\index.html,12,html,f6046077,Alexa,2026-04-12,22:29:13,-07:00,2026-04-12T22:29:13-07:00,0,0
contact\index.html,13,html,97ad9bfb,Alexa,2026-04-17,01:23:51,-07:00,2026-04-17T01:23:51-07:00,1,37
contact\index.html,14,html,f6046077,Alexa,2026-04-12,22:29:13,-07:00,2026-04-12T22:29:13-07:00,2,5
contact\index.html,15,html,f6046077,Alexa,2026-04-12,22:29:13,-07:00,2026-04-12T22:29:13-07:00,3,6
contact\index.html,16,html,97ad9bfb,Alexa,2026-04-17,01:23:51,-07:00,2026-04-17T01:23:51-07:00,3,37
contact\index.html,17,html,f6046077,Alexa,2026-04-12,22:29:13,-07:00,2026-04-12T22:29:13-07:00,2,6
contact\index.html,18,html,f6046077,Alexa,2026-04-12,22:29:13,-07:00,2026-04-12T22:29:13-07:00,0,0
contact\index.html,19,html,f6046077,Alexa,2026-04-12,22:29:13,-07:00,2026-04-12T22:29:13-07:00,2,5
contact\index.html,20,html,f6046077,Alexa,2026-04-12,22:29:13,-07:00,2026-04-12T22:29:13-07:00,3,6
contact\index.html,21,html,97ad9bfb,Alexa,2026-04-17,01:23:51,-07:00,2026-04-17T01:23:51-07:00,3,44
contact\index.html,22,html,f6046077,Alexa,2026-04-12,22:29:13,-07:00,2026-04-12T22:29:13-07:00,2,6
contact\index.html,23,html,f6046077,Alexa,2026-04-12,22:29:13,-07:00,2026-04-12T22:29:13-07:00,0,0
contact\index.html,24,html,97ad9bfb,Alexa,2026-04-17,01:23:51,-07:00,2026-04-17T01:23:51-07:00,2,33
contact\index.html,25,html,f6046077,Alexa,2026-04-12,22:29:13,-07:00,2026-04-12T22:29:13-07:00,1,5
contact\index.html,26,html,f6046077,Alexa,2026-04-12,22:29:13,-07:00,2026-04-12T22:29:13-07:00,0,5
contact\index.html,27,html,f6046077,Alexa,2026-04-12,22:29:13,-07:00,2026-04-12T22:29:13-07:00,0,5
